country_code,country_name,region,official_name,informal_title,legal_responsibility,phone,email,website,address,extra_contact_details,source_page_url,source_iframe_url,last_verified,notes
AT,Austria,* National coverage / competence (AT),Bundesamt für Eich- und Vermessungswesen,Federal Office of Metrology and Surveying,"Directive (EU) 2015/2302 on package travel and linked travel arrangements, Directive 2005/29/EC on unfair commercial practices, Directive 2006/114/EC on misleading and comparative advertising, Directive 2006/123/EC on services in the internal market, Directive 2008/48/EC on credit agreements for consumers, Directive 98/6/EC on consumer protection in the indication of the prices of products, Legal responsibility for enforcing the following Union law(s):, Regulation (EC) No 1008/2008 on common air services rules in the Community, Regulation (EU) 2018/302 addressing unjustified geo-blocking",+43 01 211 10 0,vbk@bev.gv.at,https://www.bev.gv.at/,Schiffamtsgasse 1-3; 1020 Wien,,https://commission.europa.eu/live-work-travel-eu/consumer-rights-and-complaints/enforcement-consumer-protection/consumer-protection-cooperation-network/list-cpc-competent-authorities_en,https://ec.europa.eu/consumers/cpcn/cpc_ca.html,2026-04-23,Source lists this entry with regional or sectoral scope metadata.
AT,Austria,* National coverage / competence (AT),Bundesamt für Sicherheit im Gesundheitswesen,Austrian Federal Office for Safety in Health Care (BASG),"Directive 2001/83/EC on medicinal products for human use, Legal responsibility for enforcing the following Union law(s):",+43 050555,basg@basg.gv.at,http://www.basg.gv.at,Traisengasse 5; 1200 Wien,,https://commission.europa.eu/live-work-travel-eu/consumer-rights-and-complaints/enforcement-consumer-protection/consumer-protection-cooperation-network/list-cpc-competent-authorities_en,https://ec.europa.eu/consumers/cpcn/cpc_ca.html,2026-04-23,Source lists this entry with regional or sectoral scope metadata.
AT,Austria,* National coverage / competence (AT),Bundesarbeitskammer,Austrian Chamber of Labour,,01 501651202,gbr@akwien.at,,Prinz-Eugen Straße 20-22; 1040 Wien,,https://commission.europa.eu/live-work-travel-eu/consumer-rights-and-complaints/enforcement-consumer-protection/consumer-protection-cooperation-network/list-cpc-competent-authorities_en,https://ec.europa.eu/consumers/cpcn/cpc_ca.html,2026-04-23,Official source row does not list a legal responsibility in this snapshot. Source lists this entry with regional or sectoral scope metadata.
AT,Austria,* National coverage / competence (AT),Bundeskartellanwalt,Federal Cartel Prosecutor,"Directive (EU) 2015/2302 on package travel and linked travel arrangements, Directive 1999/44/EC on the sale of consumer goods and associated guarantees, Directive 2000/31/EC on electronic commerce, Directive 2002/65/EC on distance marketing of consumer financial services, Directive 2008/122/EC on timeshare, long-term holiday product, resale and exchange contracts, Directive 2008/48/EC on credit agreements for consumers, Directive 2011/83/EU on consumer rights, Directive 2013/11/EU on consumer ADR, Directive 2014/17/EU on credit agreements for consumers for residential property, Directive 93/13/EEC on unfair terms in consumer contracts, Legal responsibility for enforcing the following Union law(s):, Regulation (EU) 2017/1128 on cross-border portability of online content services, Regulation (EU) No 524/2013 on consumer ODR",+43 01 52152 0,CPC-Bundeskartellanwalt@justiz.gv.at,http://www.justiz.gv.at/bundeskartellanwalt,Schmerlingplatz 11; 1016 Wien,,https://commission.europa.eu/live-work-travel-eu/consumer-rights-and-complaints/enforcement-consumer-protection/consumer-protection-cooperation-network/list-cpc-competent-authorities_en,https://ec.europa.eu/consumers/cpcn/cpc_ca.html,2026-04-23,Source lists this entry with regional or sectoral scope metadata.
AT,Austria,* National coverage / competence (AT),Energie-Control Austria für die Regulierung der Elektrizitäts- und Erdgaswirtschaft (E-Control),e-Control - Regulatory authority responsible for establishing and complying with the rules on the Austrian energy market,,01 24724 0,office@e-control.at,http://www.e-control.at,Rudolfsplatz 13a; 1010 Wien,,https://commission.europa.eu/live-work-travel-eu/consumer-rights-and-complaints/enforcement-consumer-protection/consumer-protection-cooperation-network/list-cpc-competent-authorities_en,https://ec.europa.eu/consumers/cpcn/cpc_ca.html,2026-04-23,Official source row does not list a legal responsibility in this snapshot. Source lists this entry with regional or sectoral scope metadata.
AT,Austria,* National coverage / competence (AT),Fernmeldebüro,Telecommunications Office,"Directive 2002/58/EC on privacy and electronic communications, Legal responsibility for enforcing the following Union law(s):",+43 01 711 00 654500,office@fb.gv.at,https://fb.gv.at,Radetzkystraße 2; 10030 Wien,,https://commission.europa.eu/live-work-travel-eu/consumer-rights-and-complaints/enforcement-consumer-protection/consumer-protection-cooperation-network/list-cpc-competent-authorities_en,https://ec.europa.eu/consumers/cpcn/cpc_ca.html,2026-04-23,Source lists this entry with regional or sectoral scope metadata.
AT,Austria,* National coverage / competence (AT),Finanzmarktaufsicht (FMA),Austrian Financial Market Authority (FMA),,01 24959,cpc@fma.gv.at,http://www.fma.gv.at,Otto-Wagner-Platz 5; 1090 Wien,,https://commission.europa.eu/live-work-travel-eu/consumer-rights-and-complaints/enforcement-consumer-protection/consumer-protection-cooperation-network/list-cpc-competent-authorities_en,https://ec.europa.eu/consumers/cpcn/cpc_ca.html,2026-04-23,Official source row does not list a legal responsibility in this snapshot. Source lists this entry with regional or sectoral scope metadata.
AT,Austria,* National coverage / competence (AT),Internet Ombudsstelle c/o Österreichisches Institut für angewandte Telekommunikation,Internet Ombudsstelle c/o Austrian Institute for Applied Telecommunication,,+43 1 595 211 20,kontakt@ombudsstelle.at,http://www.ombudsstelle.at,Ungargasse 64-66/3/404; 1030 Wien,,https://commission.europa.eu/live-work-travel-eu/consumer-rights-and-complaints/enforcement-consumer-protection/consumer-protection-cooperation-network/list-cpc-competent-authorities_en,https://ec.europa.eu/consumers/cpcn/cpc_ca.html,2026-04-23,Official source row does not list a legal responsibility in this snapshot. Source lists this entry with regional or sectoral scope metadata.
AT,Austria,* National coverage / competence (AT),Kommunikationsbehörde Austria (KommAustria),Austrian Communications Authority (KommAustria),"Directive 2010/13/EU on audiovisual media services, Legal responsibility for enforcing the following Union law(s):",+43 01 58058 0,rtr@rtr.at,https://www.rtr.at,Mariahilfer Straße 77-79; 1060 Wien,,https://commission.europa.eu/live-work-travel-eu/consumer-rights-and-complaints/enforcement-consumer-protection/consumer-protection-cooperation-network/list-cpc-competent-authorities_en,https://ec.europa.eu/consumers/cpcn/cpc_ca.html,2026-04-23,Source lists this entry with regional or sectoral scope metadata.
AT,Austria,* National coverage / competence (AT),Schienen-Control GmbH,Schienen-Control - independent regulator for the railways,"Legal responsibility for enforcing the following Union law(s):, Regulation (EC) No 1107/2006 on disabled persons' and persons with reduced mobility's rights when travelling by air, Regulation (EC) No 261/2004 on denied boarding and of cancellation or long delay of flights, Regulation (EU) No 1177/2010 on passengers' rights when travelling by sea and inland waterway, Regulation (EU) No 181/2011 on passengers' rights in bus and coach transport, Regulation (EU) No 2021/782 on rail passengers' rights and obligations (repealing Regulation (EC) No 1371/2007)",+43 01 5050707,office@apf.gv.at,https://www.schienencontrol.gv.at,Linke Wienzeile 4/1/6; 1060 Wien,,https://commission.europa.eu/live-work-travel-eu/consumer-rights-and-complaints/enforcement-consumer-protection/consumer-protection-cooperation-network/list-cpc-competent-authorities_en,https://ec.europa.eu/consumers/cpcn/cpc_ca.html,2026-04-23,Source lists this entry with regional or sectoral scope metadata.
AT,Austria,* National coverage / competence (AT),Schlichtungsstelle der Rundfunk und Telekom Regulierungs-GmbH (RTR-GmbH) für Telekommunikation,Telecommunications-Conciliation body (RTR),,0043 1 58058 0,rtr@rtr.at,https://www.rtr.at/schlichtungsstelle,Mariahilfer Straße 77-79; 1060 Wien,,https://commission.europa.eu/live-work-travel-eu/consumer-rights-and-complaints/enforcement-consumer-protection/consumer-protection-cooperation-network/list-cpc-competent-authorities_en,https://ec.europa.eu/consumers/cpcn/cpc_ca.html,2026-04-23,Official source row does not list a legal responsibility in this snapshot. Source lists this entry with regional or sectoral scope metadata.
AT,Austria,* National coverage / competence (AT),Schutzverband gegen unlauteren Wettbewerb,Austrian Association against Unfair Competition,,01-5057893,office@schutzverband.at,http://www.schutzverband.at,Ditscheinergasse 4; 1030 Wien,,https://commission.europa.eu/live-work-travel-eu/consumer-rights-and-complaints/enforcement-consumer-protection/consumer-protection-cooperation-network/list-cpc-competent-authorities_en,https://ec.europa.eu/consumers/cpcn/cpc_ca.html,2026-04-23,Official source row does not list a legal responsibility in this snapshot. Source lists this entry with regional or sectoral scope metadata.
BE,Belgium,Brussels-Capital Region,"Test Aankoop, Test Achats","""Test Achats"" / ""Test shopping"" (consumer organisation)",,+32 2 542 32 32,test-achats@test-achats.be,http://www.test-aankoop.be,Hollandstraat 13; 1060 Brussel,,https://commission.europa.eu/live-work-travel-eu/consumer-rights-and-complaints/enforcement-consumer-protection/consumer-protection-cooperation-network/list-cpc-competent-authorities_en,https://ec.europa.eu/consumers/cpcn/cpc_ca.html,2026-04-23,Official source row does not list a legal responsibility in this snapshot. Source lists this entry with regional or sectoral scope metadata.
BG,Bulgaria,,Българска народна банка,Bulgarian National Bank,"Directive 2014/17/EU on credit agreements for consumers for residential property, Directive 2014/92/EU on the comparability of fees related to payment accounts, Legal responsibility for enforcing the following Union law(s):",+359 2 91459,press_office@bnbank.org,http://www.bnb.bg,"пл. ""Княз Александър I"" № 1; 1000 София",,https://commission.europa.eu/live-work-travel-eu/consumer-rights-and-complaints/enforcement-consumer-protection/consumer-protection-cooperation-network/list-cpc-competent-authorities_en,https://ec.europa.eu/consumers/cpcn/cpc_ca.html,2026-04-23,
BG,Bulgaria,,Главна дирекция ”Гражданска въздухоплавателна администрация”,Directorate General Civil Aviation Administration,"Directive 2014/17/EU on credit agreements for consumers for residential property, Directive 2014/92/EU on the comparability of fees related to payment accounts, Legal responsibility for enforcing the following Union law(s):",+359 2 948 80 27,caa@caa.bg,http://www.caa.bg,"ул. ""Дякон Игнатий"" № 9; 1000 София",,https://commission.europa.eu/live-work-travel-eu/consumer-rights-and-complaints/enforcement-consumer-protection/consumer-protection-cooperation-network/list-cpc-competent-authorities_en,https://ec.europa.eu/consumers/cpcn/cpc_ca.html,2026-04-23,
BG,Bulgaria,,"Изпълнителна агенция ""Железопътна администрация"" (НОБ)",Railway Administration Executive Agency (NSA),"Legal responsibility for enforcing the following Union law(s):, Regulation (EU) No 2021/782 on rail passengers' rights and obligations (repealing Regulation (EC) No 1371/2007)",+359 2 9409 428,kabinet-IAJA@mtitc.government.bg,http://www.iaja.government.bg,ул. „Ген. Й. Гурко“ № 5; 1000 София,,https://commission.europa.eu/live-work-travel-eu/consumer-rights-and-complaints/enforcement-consumer-protection/consumer-protection-cooperation-network/list-cpc-competent-authorities_en,https://ec.europa.eu/consumers/cpcn/cpc_ca.html,2026-04-23,
BG,Bulgaria,,Изпълнителна агенция по лекарствата,Bulgarian Drug Agency,"Directive 2001/83/EC on medicinal products for human use, Legal responsibility for enforcing the following Union law(s):",+359 28903555,bda@bda.bg,https://www.bda.bg/bg/,Дамян Груев 8; 1303 София,,https://commission.europa.eu/live-work-travel-eu/consumer-rights-and-complaints/enforcement-consumer-protection/consumer-protection-cooperation-network/list-cpc-competent-authorities_en,https://ec.europa.eu/consumers/cpcn/cpc_ca.html,2026-04-23,
BG,Bulgaria,,Изпълнителна агенция “Автомобилна администрация”,"Executive Agency ""Automobile Administration""","Legal responsibility for enforcing the following Union law(s):, Regulation (EU) No 181/2011 on passengers' rights in bus and coach transport",+359 29308833,avto_a@rta.government.bg,https://rta.government.bg/,ул. “Гурко” №5; 1000 София,,https://commission.europa.eu/live-work-travel-eu/consumer-rights-and-complaints/enforcement-consumer-protection/consumer-protection-cooperation-network/list-cpc-competent-authorities_en,https://ec.europa.eu/consumers/cpcn/cpc_ca.html,2026-04-23,
BG,Bulgaria,,Комисия за защита на конкуренцията,Commission on Protection of Competition,"Directive 2006/114/EC on misleading and comparative advertising, Legal responsibility for enforcing the following Union law(s):",+359 2 9356113,cpcadmin@cpc.bg,http://www.cpc.bg,"бул. ""Витоша"" № 18; 1000 София",,https://commission.europa.eu/live-work-travel-eu/consumer-rights-and-complaints/enforcement-consumer-protection/consumer-protection-cooperation-network/list-cpc-competent-authorities_en,https://ec.europa.eu/consumers/cpcn/cpc_ca.html,2026-04-23,
BG,Bulgaria,,Министерство на икономиката и индустрията,Ministry of Economy and Energy,"Directive (EU) 2015/2302 on package travel and linked travel arrangements, Directive 1999/44/EC on the sale of consumer goods and associated guarantees, Directive 2000/31/EC on electronic commerce, Directive 2001/83/EC on medicinal products for human use, Directive 2002/65/EC on distance marketing of consumer financial services, Directive 2005/29/EC on unfair commercial practices, Directive 2008/122/EC on timeshare, long-term holiday product, resale and exchange contracts, Directive 2008/48/EC on credit agreements for consumers, Directive 2011/83/EU on consumer rights, Directive 2013/11/EU on consumer ADR, Directive 2014/17/EU on credit agreements for consumers for residential property, Directive 93/13/EEC on unfair terms in consumer contracts, Directive 98/6/EC on consumer protection in the indication of the prices of products, Legal responsibility for enforcing the following Union law(s):, Regulation (EU) 2018/302 addressing unjustified geo-blocking",+359 9407417,e-docs@mi.government.bg,https://www.mi.government.bg,Славянска 8; 1000 София,,https://commission.europa.eu/live-work-travel-eu/consumer-rights-and-complaints/enforcement-consumer-protection/consumer-protection-cooperation-network/list-cpc-competent-authorities_en,https://ec.europa.eu/consumers/cpcn/cpc_ca.html,2026-04-23,
BG,Bulgaria,,Министерство на туризма,"Ministry of Economy and Energy, ""Tourism Policy"" Directorate","Directive (EU) 2015/2302 on package travel and linked travel arrangements, Legal responsibility for enforcing the following Union law(s):",+359 29046871,tourism@tourism.government.bg,http://www.tourism.government.bg/,"ул.""Съборна"" 1; 1000 София",,https://commission.europa.eu/live-work-travel-eu/consumer-rights-and-complaints/enforcement-consumer-protection/consumer-protection-cooperation-network/list-cpc-competent-authorities_en,https://ec.europa.eu/consumers/cpcn/cpc_ca.html,2026-04-23,
HR,Croatia,,Agencija za elektroničke medije,Agency for Electronic Media,"Directive 2010/13/EU on audiovisual media services, Legal responsibility for enforcing the following Union law(s):",+385 1 488 2613,info@aem.hr,http://www.aem.hr,Jagićeva 31; 10 000 Zagreb,,https://commission.europa.eu/live-work-travel-eu/consumer-rights-and-complaints/enforcement-consumer-protection/consumer-protection-cooperation-network/list-cpc-competent-authorities_en,https://ec.europa.eu/consumers/cpcn/cpc_ca.html,2026-04-23,
HR,Croatia,,Hrvatska agencija za civilno zrakoplovstvo,Croatian Civil Aviation Agency,"Legal responsibility for enforcing the following Union law(s):, Regulation (EC) No 1107/2006 on disabled persons' and persons with reduced mobility's rights when travelling by air, Regulation (EC) No 261/2004 on denied boarding and of cancellation or long delay of flights",+38512369300,ccaa@ccaa.hr,http://www.ccaa.hr,Ulica grada Vukovara 284; 100000 Zagrab,,https://commission.europa.eu/live-work-travel-eu/consumer-rights-and-complaints/enforcement-consumer-protection/consumer-protection-cooperation-network/list-cpc-competent-authorities_en,https://ec.europa.eu/consumers/cpcn/cpc_ca.html,2026-04-23,
HR,Croatia,,Hrvatska regulatorna agencija za mrežne djelatnosti,Croatian Regulatory Authority for Network Industries,"Directive 2002/58/EC on privacy and electronic communications, Legal responsibility for enforcing the following Union law(s):, Regulation (EU) 2017/1128 on cross-border portability of online content services, Regulation (EU) No 2021/782 on rail passengers' rights and obligations (repealing Regulation (EC) No 1371/2007)",+ 385 1 700 7007,info@hakom.hr,http://www.hakom.hr,Roberta Frangeša Mihanovića 9; 10 000 Zagreb,,https://commission.europa.eu/live-work-travel-eu/consumer-rights-and-complaints/enforcement-consumer-protection/consumer-protection-cooperation-network/list-cpc-competent-authorities_en,https://ec.europa.eu/consumers/cpcn/cpc_ca.html,2026-04-23,
HR,Croatia,,Ministarstvo gospodarstva (NIMIC - SOLVIT Centre),Ministry of Economy (NIMIC - SOLVIT Centre),,+385 1 6109 370,vjekoslav.gacar@mingo.hr,https://mingor.gov.hr/o-ministarstvu-1065/djelokrug/uprava-za-trgovinu-i-politiku-javne-nabave/slobodno-trziste-usluga-i-roba/liberalizacija-trzista-usluga/7028,Ulica grada Vukovara 78; 10000 Zagreb,,https://commission.europa.eu/live-work-travel-eu/consumer-rights-and-complaints/enforcement-consumer-protection/consumer-protection-cooperation-network/list-cpc-competent-authorities_en,https://ec.europa.eu/consumers/cpcn/cpc_ca.html,2026-04-23,Official source row does not list a legal responsibility in this snapshot.
HR,Croatia,,"Ministarstvo mora, prometa i infrastrukture","Ministry of the Sea, Transport and Infrastructure",,+385 1 6169 111,europski.poslovi@mmpi.hr,,Prisavlje 14; 10 000 Zagreb,,https://commission.europa.eu/live-work-travel-eu/consumer-rights-and-complaints/enforcement-consumer-protection/consumer-protection-cooperation-network/list-cpc-competent-authorities_en,https://ec.europa.eu/consumers/cpcn/cpc_ca.html,2026-04-23,Official source row does not list a legal responsibility in this snapshot.
CY,Cyprus,,Αρχή Ραδιοτηλεόρασης Κύπρου,Cyprus Ratiotelevision Authority,"Directive 2010/13/EU on audiovisual media services, Legal responsibility for enforcing the following Union law(s):",+357 22 512468,crtauthority@crta.org.cy,http://www.crta.org.cy,42 Athalassas Avenue; 2012 Nicosia,,https://commission.europa.eu/live-work-travel-eu/consumer-rights-and-complaints/enforcement-consumer-protection/consumer-protection-cooperation-network/list-cpc-competent-authorities_en,https://ec.europa.eu/consumers/cpcn/cpc_ca.html,2026-04-23,
CY,Cyprus,,Γραφείο Επιτρόπου Προστασίας Δεδομένων Προσωπικού Χαρακτήρα,SA Cyprus (Office of the Commissioner for Personal Data Protection),"Directive 2002/58/EC on privacy and electronic communications, Legal responsibility for enforcing the following Union law(s):",+357 22 818456,imi@dataprotection.gov.cy,http://www.dataprotection.gov.cy,"15, Kypranoros str.; 1061 Nicosia",,https://commission.europa.eu/live-work-travel-eu/consumer-rights-and-complaints/enforcement-consumer-protection/consumer-protection-cooperation-network/list-cpc-competent-authorities_en,https://ec.europa.eu/consumers/cpcn/cpc_ca.html,2026-04-23,
CY,Cyprus,,Συμβούλιο Φαρμακευτικής Κύπρου - (Υπουργείο Υγείας – Κυπριακή Δημοκρατία),Pharmaceutical Council Cyprus (Ministry of Health – Republic of Cyprus),,+357 22 608637,phscentral@phs.moh.gov.cy,http://www.moh.gov.cy/phs,Πολυφήμου 15; 2033 Λευκωσία,,https://commission.europa.eu/live-work-travel-eu/consumer-rights-and-complaints/enforcement-consumer-protection/consumer-protection-cooperation-network/list-cpc-competent-authorities_en,https://ec.europa.eu/consumers/cpcn/cpc_ca.html,2026-04-23,Official source row does not list a legal responsibility in this snapshot.
CY,Cyprus,,"Τμήμα Εφόρου Εταιρειών και Διανοητικής Ιδιοκτησίας ( Υπουργείο Ενέργειας, Εμπορίου και Βιομηχανίας)","Registrar of Companies and Official Receiver (D.R.C.O.R.) (Ministry of Energy, Commerce and Industry)","Legal responsibility for enforcing the following Union law(s):, Regulation (EU) 2017/1128 on cross-border portability of online content services",+357 22404301,eterion@drcor.meci.gov.cy,http://www.meci.gov.cy/drcor,"Γωνία Λεωφόρου Μακαρίου ΙΙΙ και Καρπενησίου, Κτίριο ""Ξένιος""; 1427 Λευκωσία",,https://commission.europa.eu/live-work-travel-eu/consumer-rights-and-complaints/enforcement-consumer-protection/consumer-protection-cooperation-network/list-cpc-competent-authorities_en,https://ec.europa.eu/consumers/cpcn/cpc_ca.html,2026-04-23,
CY,Cyprus,,"Τμήμα Πολιτικής Αεροπορίας - Υπουργείο Μεταφορών, Επικοινωνιών και Έργων","Civil Aviation Department - Ministry of Transport, Communications and Works","Legal responsibility for enforcing the following Union law(s):, Regulation (EC) No 1008/2008 on common air services rules in the Community, Regulation (EC) No 1107/2006 on disabled persons' and persons with reduced mobility's rights when travelling by air, Regulation (EC) No 261/2004 on denied boarding and of cancellation or long delay of flights",+357 22404102,director@dca.mcw.gov.cy,http://www.mcw.gov.cy/dca,Πινδάρου 27; 1429 Λευκωσία,,https://commission.europa.eu/live-work-travel-eu/consumer-rights-and-complaints/enforcement-consumer-protection/consumer-protection-cooperation-network/list-cpc-competent-authorities_en,https://ec.europa.eu/consumers/cpcn/cpc_ca.html,2026-04-23,
CY,Cyprus,,"Υπηρεσία Βιομηχανίας και Τεχνολογίας (Υπουργείο Ενέργειας, Εμπορίου και Βιομηχανίας)","Industry and Technology Service (Ministry of Energy, Commerce and Industry)","Directive 2000/31/EC on electronic commerce, Directive 2006/123/EC on services in the internal market, Legal responsibility for enforcing the following Union law(s):, Regulation (EU) 2018/302 addressing unjustified geo-blocking",+357 22867193,ksolomou@meci.gov.cy,http://www.mcit.gov.cy,"6-8, Andreas Araouzos; 1421 Λευκωσία",,https://commission.europa.eu/live-work-travel-eu/consumer-rights-and-complaints/enforcement-consumer-protection/consumer-protection-cooperation-network/list-cpc-competent-authorities_en,https://ec.europa.eu/consumers/cpcn/cpc_ca.html,2026-04-23,
CY,Cyprus,,Υφυπουργείο Ναυτιλίας,Shipping Deputy Ministry,"Legal responsibility for enforcing the following Union law(s):, Regulation (EU) No 1177/2010 on passengers' rights when travelling by sea and inland waterway",+357 25 848100,maritimeadmin@dms.gov.cy,https://www.shipping.gov.cy,Kyllinis street; 4007 Limassol,,https://commission.europa.eu/live-work-travel-eu/consumer-rights-and-complaints/enforcement-consumer-protection/consumer-protection-cooperation-network/list-cpc-competent-authorities_en,https://ec.europa.eu/consumers/cpcn/cpc_ca.html,2026-04-23,
CY,Cyprus,,Φαρμακευτικές Υπηρεσίες (Υπουργείο Υγείας – Κυπριακή Δημοκρατία),Medicine Administration - Pharmaceutical Services (Ministry of Health – Republic of Cyprus),"Directive 2001/83/EC on medicinal products for human use, Legal responsibility for enforcing the following Union law(s):",+357 22608607,phscentral@phs.moh.gov.cy,http://www.moh.gov.cy/phs,Polyphemou 13; 2033 Nicosia,,https://commission.europa.eu/live-work-travel-eu/consumer-rights-and-complaints/enforcement-consumer-protection/consumer-protection-cooperation-network/list-cpc-competent-authorities_en,https://ec.europa.eu/consumers/cpcn/cpc_ca.html,2026-04-23,
CZ,Czechia,,Energetický regulační úřad,Energy Regulatory Office,"Directive 2005/29/EC on unfair commercial practices, Directive 2011/83/EU on consumer rights, Directive 2013/11/EU on consumer ADR, Directive 93/13/EEC on unfair terms in consumer contracts, Legal responsibility for enforcing the following Union law(s):, Regulation (EU) No 524/2013 on consumer ODR",+420 564 578 666,podatelna@eru.gov.cz,http://www.eru.gov.cz,Masarykovo náměstí 5; 586 01 Jihlava,,https://commission.europa.eu/live-work-travel-eu/consumer-rights-and-complaints/enforcement-consumer-protection/consumer-protection-cooperation-network/list-cpc-competent-authorities_en,https://ec.europa.eu/consumers/cpcn/cpc_ca.html,2026-04-23,
CZ,Czechia,,Generální ředitelství cel,The Customs Administration,"Directive 2005/29/EC on unfair commercial practices, Directive 2006/114/EC on misleading and comparative advertising, Legal responsibility for enforcing the following Union law(s):",+420 261 331 111,podatelna_generalnireditelstvicel@celnisprava.gov.cz,https://celnisprava.gov.cz/cz/Stranky/default.aspx,Budějovická 7; 14000 Praha 4,,https://commission.europa.eu/live-work-travel-eu/consumer-rights-and-complaints/enforcement-consumer-protection/consumer-protection-cooperation-network/list-cpc-competent-authorities_en,https://ec.europa.eu/consumers/cpcn/cpc_ca.html,2026-04-23,
CZ,Czechia,,Ministerstvo dopravy České republiky,Ministry of Transport,"Legal responsibility for enforcing the following Union law(s):, Regulation (EU) No 181/2011 on passengers' rights in bus and coach transport",+420 225 131 111,posta@md.gov.cz,https://md.gov.cz/,nábř. Ludvíka Svobody 12; 11015 Praha 1,,https://commission.europa.eu/live-work-travel-eu/consumer-rights-and-complaints/enforcement-consumer-protection/consumer-protection-cooperation-network/list-cpc-competent-authorities_en,https://ec.europa.eu/consumers/cpcn/cpc_ca.html,2026-04-23,
CZ,Czechia,,Ministerstvo financí České republiky,Ministry of Finance,"Directive 98/6/EC on consumer protection in the indication of the prices of products, Legal responsibility for enforcing the following Union law(s):",+420 257 042 392,podatelna@mfcr.cz,http://www.mfcr.cz/en/,Letenská 15; 118 10 Praha 1,,https://commission.europa.eu/live-work-travel-eu/consumer-rights-and-complaints/enforcement-consumer-protection/consumer-protection-cooperation-network/list-cpc-competent-authorities_en,https://ec.europa.eu/consumers/cpcn/cpc_ca.html,2026-04-23,
CZ,Czechia,,Ministerstvo pro místní rozvoj České republiky,Ministry for Regional Development - Czech Republic,"Directive (EU) 2015/2302 on package travel and linked travel arrangements, Legal responsibility for enforcing the following Union law(s):",+420 224 861 312,podatelna@mmr.gov.cz,https://mmr.gov.cz/cs/uvod,Staroměstské nám. 6; 110 15 Praha 1,,https://commission.europa.eu/live-work-travel-eu/consumer-rights-and-complaints/enforcement-consumer-protection/consumer-protection-cooperation-network/list-cpc-competent-authorities_en,https://ec.europa.eu/consumers/cpcn/cpc_ca.html,2026-04-23,
CZ,Czechia,,Ministerstvo průmyslu a obchodu České republiky - Odbor živností a spotřebitelské legislativy,Ministry of Industry and Trade - Trade department,"Directive (EU) 2015/2302 on package travel and linked travel arrangements, Directive 2005/29/EC on unfair commercial practices, Directive 2006/114/EC on misleading and comparative advertising, Legal responsibility for enforcing the following Union law(s):, Regulation (EC) No 1107/2006 on disabled persons' and persons with reduced mobility's rights when travelling by air, Regulation (EU) No 1177/2010 on passengers' rights when travelling by sea and inland waterway, Regulation (EU) No 181/2011 on passengers' rights in bus and coach transport, Regulation (EU) No 2021/782 on rail passengers' rights and obligations (repealing Regulation (EC) No 1371/2007)",+420 224 852 403,posta@mpo.gov.cz,http://www.mpo.gov.cz,Na Františku 32; 110 15 Praha,,https://commission.europa.eu/live-work-travel-eu/consumer-rights-and-complaints/enforcement-consumer-protection/consumer-protection-cooperation-network/list-cpc-competent-authorities_en,https://ec.europa.eu/consumers/cpcn/cpc_ca.html,2026-04-23,
CZ,Czechia,,Ministerstvo zdravotnictví České republiky - Odbor ošetřovatelství a nelékařských povolání; orgán sítě CPC,Ministry of Health - Service responsible for nursing professions and other healthcare professions including the recognition of professional qualifications,"Directive 2000/31/EC on electronic commerce, Directive 2005/29/EC on unfair commercial practices, Directive 2006/114/EC on misleading and comparative advertising, Directive 2011/83/EU on consumer rights, Directive 98/6/EC on consumer protection in the indication of the prices of products, Legal responsibility for enforcing the following Union law(s):, Regulation (EU) No 524/2013 on consumer ODR",+420 224 971 111,podatelna@mzd.gov.cz,http://www.mzcr.cz,Palackého náměstí 4; 128 01 Praha 2,,https://commission.europa.eu/live-work-travel-eu/consumer-rights-and-complaints/enforcement-consumer-protection/consumer-protection-cooperation-network/list-cpc-competent-authorities_en,https://ec.europa.eu/consumers/cpcn/cpc_ca.html,2026-04-23,
CZ,Czechia,,Státní plavební správa,State Navigation Authority,"Legal responsibility for enforcing the following Union law(s):, Regulation (EU) No 1177/2010 on passengers' rights when travelling by sea and inland waterway",+420 234 637 111,reditelstvi@sps.gov.cz,https://www.sps.gov.cz/,Jankovcova 4; 170 04 Praha 7,,https://commission.europa.eu/live-work-travel-eu/consumer-rights-and-complaints/enforcement-consumer-protection/consumer-protection-cooperation-network/list-cpc-competent-authorities_en,https://ec.europa.eu/consumers/cpcn/cpc_ca.html,2026-04-23,
CZ,Czechia,,Státní veterinární správa České republiky,State Veterinary Administration of the Czech Republic,"Directive 2005/29/EC on unfair commercial practices, Legal responsibility for enforcing the following Union law(s):",+420 227 010 111,svscr@svscr.cz,http://www.svscr.cz,Slezská 7/100; 120 56 Praha 2,,https://commission.europa.eu/live-work-travel-eu/consumer-rights-and-complaints/enforcement-consumer-protection/consumer-protection-cooperation-network/list-cpc-competent-authorities_en,https://ec.europa.eu/consumers/cpcn/cpc_ca.html,2026-04-23,
CZ,Czechia,,Státní zemědělská a potravinářská inspekce,Food Inspection Authority - Czech Republic,"Directive 2005/29/EC on unfair commercial practices, Directive 2011/83/EU on consumer rights, Legal responsibility for enforcing the following Union law(s):",+420 543 540 111,epodatelna@szpi.gov.cz,http://www.szpi.gov.cz,Květná 15; 603 00 Brno,,https://commission.europa.eu/live-work-travel-eu/consumer-rights-and-complaints/enforcement-consumer-protection/consumer-protection-cooperation-network/list-cpc-competent-authorities_en,https://ec.europa.eu/consumers/cpcn/cpc_ca.html,2026-04-23,
CZ,Czechia,,Státní ústav pro kontrolu léčiv,State Institute for Drug Control - Czech Republic,"Directive 2000/31/EC on electronic commerce, Directive 2001/83/EC on medicinal products for human use, Directive 2005/29/EC on unfair commercial practices, Directive 2006/114/EC on misleading and comparative advertising, Legal responsibility for enforcing the following Union law(s):",+420 272 185 111,posta@sukl.gov.cz,http://www.sukl.gov.cz/,Šrobárova 48; 100 41 Praha 10,,https://commission.europa.eu/live-work-travel-eu/consumer-rights-and-complaints/enforcement-consumer-protection/consumer-protection-cooperation-network/list-cpc-competent-authorities_en,https://ec.europa.eu/consumers/cpcn/cpc_ca.html,2026-04-23,
CZ,Czechia,,Ústav pro státní kontrolu veterinárních biopreparátů a léčiv,"Institute for State Control of Veterinary Biologicals and Medicines, Czech Republic","Directive 2005/29/EC on unfair commercial practices, Directive 2006/114/EC on misleading and comparative advertising, Legal responsibility for enforcing the following Union law(s):",+420 541 518 222,podatelna@uskvbl.cz,http://www.uskvbl.cz,Hudcova 56A; 621 00 Brno,,https://commission.europa.eu/live-work-travel-eu/consumer-rights-and-complaints/enforcement-consumer-protection/consumer-protection-cooperation-network/list-cpc-competent-authorities_en,https://ec.europa.eu/consumers/cpcn/cpc_ca.html,2026-04-23,
CZ,Czechia,,Ústřední kontrolní a zkušební ústav zemědělský,Central Institute for Supervising and Testing in Agriculture,"Directive 2005/29/EC on unfair commercial practices, Directive 2006/114/EC on misleading and comparative advertising, Legal responsibility for enforcing the following Union law(s):",+420 543 548 111,podatelna@ukzuz.gov.cz,https://ukzuz.gov.cz/public/portal/ukzuz,Hroznová 2; 656 06 Brno,,https://commission.europa.eu/live-work-travel-eu/consumer-rights-and-complaints/enforcement-consumer-protection/consumer-protection-cooperation-network/list-cpc-competent-authorities_en,https://ec.europa.eu/consumers/cpcn/cpc_ca.html,2026-04-23,
CZ,Czechia,,Úřad pro civilní letectví,Civil Aviation Authority (CAA) Czech Republic,"Legal responsibility for enforcing the following Union law(s):, Regulation (EC) No 1107/2006 on disabled persons' and persons with reduced mobility's rights when travelling by air, Regulation (EC) No 261/2004 on denied boarding and of cancellation or long delay of flights",+420 225 421 111,podatelna@caa.cz,https://www.caa.cz/,K letišti 1149/23; 160 08 Praha,,https://commission.europa.eu/live-work-travel-eu/consumer-rights-and-complaints/enforcement-consumer-protection/consumer-protection-cooperation-network/list-cpc-competent-authorities_en,https://ec.europa.eu/consumers/cpcn/cpc_ca.html,2026-04-23,
CZ,Czechia,,Úřad pro ochranu osobních údajů,SA Czech Republic (Office for Personal Data Protection),"Directive 2002/58/EC on privacy and electronic communications, Legal responsibility for enforcing the following Union law(s):",+420 234 665 235,imi@uoou.gov.cz,https://www.uoou.gov.cz,Pplk. Sochora 27; 17000 Prague,,https://commission.europa.eu/live-work-travel-eu/consumer-rights-and-complaints/enforcement-consumer-protection/consumer-protection-cooperation-network/list-cpc-competent-authorities_en,https://ec.europa.eu/consumers/cpcn/cpc_ca.html,2026-04-23,
CZ,Czechia,,Česká národní banka,Czech National Bank,"Directive 2002/65/EC on distance marketing of consumer financial services, Directive 2005/29/EC on unfair commercial practices, Directive 2008/48/EC on credit agreements for consumers, Directive 2013/11/EU on consumer ADR, Directive 2014/17/EU on credit agreements for consumers for residential property, Directive 2014/92/EU on the comparability of fees related to payment accounts, Directive 98/6/EC on consumer protection in the indication of the prices of products, Legal responsibility for enforcing the following Union law(s):, Regulation (EU) No 524/2013 on consumer ODR",+420 224 411 111,podatelna@cnb.cz,http://www.cnb.cz,Na Příkopě 28; 115 03 Praha 1,,https://commission.europa.eu/live-work-travel-eu/consumer-rights-and-complaints/enforcement-consumer-protection/consumer-protection-cooperation-network/list-cpc-competent-authorities_en,https://ec.europa.eu/consumers/cpcn/cpc_ca.html,2026-04-23,
CZ,Czechia,,Česká obchodní inspekce,The Czech Trade Inspection Authority,"Directive 1999/44/EC on the sale of consumer goods and associated guarantees, Directive 2000/31/EC on electronic commerce, Directive 2005/29/EC on unfair commercial practices, Directive 2006/123/EC on services in the internal market, Directive 2008/122/EC on timeshare, long-term holiday product, resale and exchange contracts, Directive 2011/83/EU on consumer rights, Directive 2013/11/EU on consumer ADR, Directive 2014/92/EU on the comparability of fees related to payment accounts, Directive 93/13/EEC on unfair terms in consumer contracts, Directive 98/6/EC on consumer protection in the indication of the prices of products, Legal responsibility for enforcing the following Union law(s):, Regulation (EU) 2017/1128 on cross-border portability of online content services, Regulation (EU) 2018/302 addressing unjustified geo-blocking, Regulation (EU) No 524/2013 on consumer ODR",+420 296 366 360,podatelna@coi.gov.cz,https://www.coi.gov.cz/,Štěpánská 44; 110 00 Praha 1,,https://commission.europa.eu/live-work-travel-eu/consumer-rights-and-complaints/enforcement-consumer-protection/consumer-protection-cooperation-network/list-cpc-competent-authorities_en,https://ec.europa.eu/consumers/cpcn/cpc_ca.html,2026-04-23,
CZ,Czechia,,Český telekomunikační úřad,Czech Telecommunication Office,"Directive 2002/58/EC on privacy and electronic communications, Directive 2005/29/EC on unfair commercial practices, Directive 2006/114/EC on misleading and comparative advertising, Directive 2011/83/EU on consumer rights, Directive 2013/11/EU on consumer ADR, Directive 93/13/EEC on unfair terms in consumer contracts, Legal responsibility for enforcing the following Union law(s):, Regulation (EU) No 524/2013 on consumer ODR",+420 224 004 641,podatelna@ctu.gov.cz,https://www.ctu.gov.cz/,Sokolovská 219; 190 00 Praha 9,,https://commission.europa.eu/live-work-travel-eu/consumer-rights-and-complaints/enforcement-consumer-protection/consumer-protection-cooperation-network/list-cpc-competent-authorities_en,https://ec.europa.eu/consumers/cpcn/cpc_ca.html,2026-04-23,
CZ,Czechia,,Český úřad pro zkoušení zbraní a střeliva,Czech Proof House for Firearms and Ammunition,"Directive 2005/29/EC on unfair commercial practices, Directive 98/6/EC on consumer protection in the indication of the prices of products, Legal responsibility for enforcing the following Union law(s):",+420 284 081 800,podatelna@cuzzs.gov.cz,https://cuzzs.gov.cz/cs/,Jilmová 759/12; 130 00 Praha 3,,https://commission.europa.eu/live-work-travel-eu/consumer-rights-and-complaints/enforcement-consumer-protection/consumer-protection-cooperation-network/list-cpc-competent-authorities_en,https://ec.europa.eu/consumers/cpcn/cpc_ca.html,2026-04-23,
DK,Denmark,,"Ankenævnet for Bus, Tog og Metro","The Appeal Board for Bus, Train and Metro","Directive 2013/11/EU on consumer ADR, Legal responsibility for enforcing the following Union law(s):, Regulation (EU) No 181/2011 on passengers' rights in bus and coach transport, Regulation (EU) No 2021/782 on rail passengers' rights and obligations (repealing Regulation (EC) No 1371/2007), Regulation (EU) No 524/2013 on consumer ODR",+45 22 62 65 00,mail@abtm.dk,http://www.abtm.dk,Automatikvej 1; 2860 Søborg,,https://commission.europa.eu/live-work-travel-eu/consumer-rights-and-complaints/enforcement-consumer-protection/consumer-protection-cooperation-network/list-cpc-competent-authorities_en,https://ec.europa.eu/consumers/cpcn/cpc_ca.html,2026-04-23,
DK,Denmark,,Dansk Erhverv,Danish Chamber of Commerge,,+45 33746400,info@danskerhverv.dk,http://www.danskerhverv.dk,Boersen; 1217 København,,https://commission.europa.eu/live-work-travel-eu/consumer-rights-and-complaints/enforcement-consumer-protection/consumer-protection-cooperation-network/list-cpc-competent-authorities_en,https://ec.europa.eu/consumers/cpcn/cpc_ca.html,2026-04-23,Official source row does not list a legal responsibility in this snapshot.
DK,Denmark,,Finanstilsynet,Danish Financial Supervision Authority,"Directive 2002/65/EC on distance marketing of consumer financial services, Directive 2008/48/EC on credit agreements for consumers, Directive 2014/17/EU on credit agreements for consumers for residential property, Directive 2014/92/EU on the comparability of fees related to payment accounts, Legal responsibility for enforcing the following Union law(s):",+45 33 55 82 82,finanstilsynet@ftnet.dk,http://www.finanstilsynet.dk,Århusgade 110; 2100 København Ø,,https://commission.europa.eu/live-work-travel-eu/consumer-rights-and-complaints/enforcement-consumer-protection/consumer-protection-cooperation-network/list-cpc-competent-authorities_en,https://ec.europa.eu/consumers/cpcn/cpc_ca.html,2026-04-23,
DK,Denmark,,Forbrugerrådet Tænk,Danish Consumer Council,,+45 77417741,reception@fbr.dk,https://taenk.dk/,Fiolstræde 17B; 1017 København,,https://commission.europa.eu/live-work-travel-eu/consumer-rights-and-complaints/enforcement-consumer-protection/consumer-protection-cooperation-network/list-cpc-competent-authorities_en,https://ec.europa.eu/consumers/cpcn/cpc_ca.html,2026-04-23,Official source row does not list a legal responsibility in this snapshot.
DK,Denmark,,Forsikring & Pension,Insurance & Pension Denmark,,+45 41 91 91 91,fogp@forsikringogpension.dk,http://www.forsikringogpension.dk,Philip Heymans Allé 1; 2900 Hellerup,,https://commission.europa.eu/live-work-travel-eu/consumer-rights-and-complaints/enforcement-consumer-protection/consumer-protection-cooperation-network/list-cpc-competent-authorities_en,https://ec.europa.eu/consumers/cpcn/cpc_ca.html,2026-04-23,Official source row does not list a legal responsibility in this snapshot.
DK,Denmark,,Færdselsstyrelsen,Danish Road Safety Agency,"Legal responsibility for enforcing the following Union law(s):, Regulation (EU) No 181/2011 on passengers' rights in bus and coach transport",+45 7221 8899,Info-tml@fstyr.dk,http://www.fstyr.dk,Sorsigvej 35; 6760 Ribe,,https://commission.europa.eu/live-work-travel-eu/consumer-rights-and-complaints/enforcement-consumer-protection/consumer-protection-cooperation-network/list-cpc-competent-authorities_en,https://ec.europa.eu/consumers/cpcn/cpc_ca.html,2026-04-23,
DK,Denmark,,Jernbanenævnet,The Danish Rail Regulatory Body,"Legal responsibility for enforcing the following Union law(s):, Regulation (EU) No 2021/782 on rail passengers' rights and obligations (repealing Regulation (EC) No 1371/2007)",+45 41780386,info@jernbanenaevnet.dk,http://www.jernbanenaevnet.dk,Carsten Niebuhrs Gade 43; 1577 København,,https://commission.europa.eu/live-work-travel-eu/consumer-rights-and-complaints/enforcement-consumer-protection/consumer-protection-cooperation-network/list-cpc-competent-authorities_en,https://ec.europa.eu/consumers/cpcn/cpc_ca.html,2026-04-23,
DK,Denmark,,Lægemiddelstyrelsen,Danish Medicines Agency,"Directive 2001/83/EC on medicinal products for human use, Legal responsibility for enforcing the following Union law(s):",+45 4488 9595,dkma@dkma.dk,https://laegemiddelstyrelsen.dk/,Axel Heides Gade 1; 2300 København S,,https://commission.europa.eu/live-work-travel-eu/consumer-rights-and-complaints/enforcement-consumer-protection/consumer-protection-cooperation-network/list-cpc-competent-authorities_en,https://ec.europa.eu/consumers/cpcn/cpc_ca.html,2026-04-23,
DK,Denmark,,Radio- og tv-nævnet,Radio and Television Board - The Board regulates tv and radio in Denmark pursuant to the Danish radio and television law and the AVMS Directive,"Directive 2010/13/EU on audiovisual media services, Legal responsibility for enforcing the following Union law(s):",+45 33 95 42 00,rtv@slks.dk,https://slks.dk/omraader/medier/naevn-og-udvalg/radio-og-tv-naevnet/,Hammerichsgade 14; 1611 Københavnn V,,https://commission.europa.eu/live-work-travel-eu/consumer-rights-and-complaints/enforcement-consumer-protection/consumer-protection-cooperation-network/list-cpc-competent-authorities_en,https://ec.europa.eu/consumers/cpcn/cpc_ca.html,2026-04-23,
DK,Denmark,,Søfartsstyrelsen,Danish Maritime Authority,"Legal responsibility for enforcing the following Union law(s):, Regulation (EU) No 1177/2010 on passengers' rights when travelling by sea and inland waterway",+45 72196000,imi@dma.dk,https://www.soefartsstyrelsen.dk/,Caspar Brands Plads 9; 4220 Korsør,,https://commission.europa.eu/live-work-travel-eu/consumer-rights-and-complaints/enforcement-consumer-protection/consumer-protection-cooperation-network/list-cpc-competent-authorities_en,https://ec.europa.eu/consumers/cpcn/cpc_ca.html,2026-04-23,
DK,Denmark,,Trafikstyrelsen,Road Safety and Transport Agency,"Legal responsibility for enforcing the following Union law(s):, Regulation (EC) No 1008/2008 on common air services rules in the Community, Regulation (EC) No 1107/2006 on disabled persons' and persons with reduced mobility's rights when travelling by air, Regulation (EC) No 261/2004 on denied boarding and of cancellation or long delay of flights, Regulation (EU) No 1177/2010 on passengers' rights when travelling by sea and inland waterway",+45 7221 8800,info@tbst.dk,http://www.tbst.dk,Carsten Niebuhrs Gade 43; 1577 København V,,https://commission.europa.eu/live-work-travel-eu/consumer-rights-and-complaints/enforcement-consumer-protection/consumer-protection-cooperation-network/list-cpc-competent-authorities_en,https://ec.europa.eu/consumers/cpcn/cpc_ca.html,2026-04-23,
EE,Estonia,,Andmekaitse Inspektsioon,SA Estonia (Data Protection Inspectorate),"Directive 2002/58/EC on privacy and electronic communications, Legal responsibility for enforcing the following Union law(s):",+372 627 4135,imi@aki.ee,http://www.aki.ee,Tatari 39; 10134 Tallinn,,https://commission.europa.eu/live-work-travel-eu/consumer-rights-and-complaints/enforcement-consumer-protection/consumer-protection-cooperation-network/list-cpc-competent-authorities_en,https://ec.europa.eu/consumers/cpcn/cpc_ca.html,2026-04-23,
EE,Estonia,,Finantsinspektsioon,Financial Supervision Authority,"Directive 2002/65/EC on distance marketing of consumer financial services, Directive 2008/48/EC on credit agreements for consumers, Directive 2014/17/EU on credit agreements for consumers for residential property, Directive 2014/92/EU on the comparability of fees related to payment accounts, Legal responsibility for enforcing the following Union law(s):",+372 6680500,info@fi.ee,https://www.fi.ee/et,Sakala 4; 15030 Tallinn,,https://commission.europa.eu/live-work-travel-eu/consumer-rights-and-complaints/enforcement-consumer-protection/consumer-protection-cooperation-network/list-cpc-competent-authorities_en,https://ec.europa.eu/consumers/cpcn/cpc_ca.html,2026-04-23,
EE,Estonia,,Ravimiamet,State Agency of Medicines,"Directive 2001/83/EC on medicinal products for human use, Legal responsibility for enforcing the following Union law(s):",+372 7374140,info@ravimiamet.ee,https://www.ravimiamet.ee/,Nooruse 1; 50411 Tartu,,https://commission.europa.eu/live-work-travel-eu/consumer-rights-and-complaints/enforcement-consumer-protection/consumer-protection-cooperation-network/list-cpc-competent-authorities_en,https://ec.europa.eu/consumers/cpcn/cpc_ca.html,2026-04-23,
EE,Estonia,,Transpordiamet,Estonian Road Administration,"Legal responsibility for enforcing the following Union law(s):, Regulation (EU) No 2021/782 on rail passengers' rights and obligations (repealing Regulation (EC) No 1371/2007)",+372 620 1200,info@transpordiamet.ee,https://transpordiamet.ee/,Valge 4; 11413 Tallinn,,https://commission.europa.eu/live-work-travel-eu/consumer-rights-and-complaints/enforcement-consumer-protection/consumer-protection-cooperation-network/list-cpc-competent-authorities_en,https://ec.europa.eu/consumers/cpcn/cpc_ca.html,2026-04-23,
FI,Finland,,"Elinkeinoelämän keskusliitto EK Ry, Finlands Näringsliv EK",Confederation of Finnish Industries EK,,+358 09 42020,ek@ek.fi,https://ek.fi/,Eteläranta 10; 00131 Helsinki,,https://commission.europa.eu/live-work-travel-eu/consumer-rights-and-complaints/enforcement-consumer-protection/consumer-protection-cooperation-network/list-cpc-competent-authorities_en,https://ec.europa.eu/consumers/cpcn/cpc_ca.html,2026-04-23,Official source row does not list a legal responsibility in this snapshot.
FI,Finland,,"Etelä-Suomen aluehallintovirasto, Regionförvaltningsverket i Södra Finland",State Provincial Office of Southern Finland,,+358 29 501 6000,kirjaamo.etela@avi.fi,http://www.avi.fi/etela,PL 110; 00521 Helsinki,,https://commission.europa.eu/live-work-travel-eu/consumer-rights-and-complaints/enforcement-consumer-protection/consumer-protection-cooperation-network/list-cpc-competent-authorities_en,https://ec.europa.eu/consumers/cpcn/cpc_ca.html,2026-04-23,Official source row does not list a legal responsibility in this snapshot.
FI,Finland,,"Finansinspektionen, Finanssivalvonta",Financial Supervisory Authority (FIN-FSA),"Directive 2002/65/EC on distance marketing of consumer financial services, Directive 2005/29/EC on unfair commercial practices, Directive 2008/48/EC on credit agreements for consumers, Directive 2014/17/EU on credit agreements for consumers for residential property, Directive 2014/92/EU on the comparability of fees related to payment accounts, Directive 93/13/EEC on unfair terms in consumer contracts, Legal responsibility for enforcing the following Union law(s):",+358 918351,kirjaamo@finanssivalvonta.fi,https://www.finanssivalvonta.fi,Snellmaninkatu 6; 00100 Helsinki,,https://commission.europa.eu/live-work-travel-eu/consumer-rights-and-complaints/enforcement-consumer-protection/consumer-protection-cooperation-network/list-cpc-competent-authorities_en,https://ec.europa.eu/consumers/cpcn/cpc_ca.html,2026-04-23,
FI,Finland,,"Finsk handel, Kaupan liitto ry",Finnish Commerce Federation,,+358 9 172 850,kauppa@kauppa.fi,https://kauppa.fi/,Eteläranta 10; 00131 Helsinki,,https://commission.europa.eu/live-work-travel-eu/consumer-rights-and-complaints/enforcement-consumer-protection/consumer-protection-cooperation-network/list-cpc-competent-authorities_en,https://ec.europa.eu/consumers/cpcn/cpc_ca.html,2026-04-23,Official source row does not list a legal responsibility in this snapshot.
FI,Finland,,"Företagarna i Finland rf, Suomen Yrittäjät ry",Federation of Finnish Enterprises,,+358 9229221,toimisto@yrittajat.fi,https://www.yrittajat.fi/,Mannerheimintie 76 A; 00250 Helsinki,,https://commission.europa.eu/live-work-travel-eu/consumer-rights-and-complaints/enforcement-consumer-protection/consumer-protection-cooperation-network/list-cpc-competent-authorities_en,https://ec.europa.eu/consumers/cpcn/cpc_ca.html,2026-04-23,Official source row does not list a legal responsibility in this snapshot.
FI,Finland,,Itä-Suomen aluehallintovirasto,State Provincial Office of Eastern Finland,,+358 295016902,elinkeinot.ita@avi.fi,http://www.avi.fi/ita,"Raatihuoneenkatu 5, PL 50; 50101 Mikkeli",,https://commission.europa.eu/live-work-travel-eu/consumer-rights-and-complaints/enforcement-consumer-protection/consumer-protection-cooperation-network/list-cpc-competent-authorities_en,https://ec.europa.eu/consumers/cpcn/cpc_ca.html,2026-04-23,Official source row does not list a legal responsibility in this snapshot.
FI,Finland,,"Konsumentförbundet, Kuluttajaliitto ry",Consumer's Union of Finland,,+358 09 454 2210,info@kuluttajaliitto.fi,https://www.kuluttajaliitto.fi/,Ritarikatu 1; 00170 Helsinki,,https://commission.europa.eu/live-work-travel-eu/consumer-rights-and-complaints/enforcement-consumer-protection/consumer-protection-cooperation-network/list-cpc-competent-authorities_en,https://ec.europa.eu/consumers/cpcn/cpc_ca.html,2026-04-23,Official source row does not list a legal responsibility in this snapshot.
FI,Finland,,Lapin aluehallintovirasto,State Provincial Office of Lapland,,+358 40 846 2170,kirjaamo.lappi@avi.fi,http://www.avi.fi/lappi,"Valtakatu 2, PL 8002; 96101 Rovaniemi",,https://commission.europa.eu/live-work-travel-eu/consumer-rights-and-complaints/enforcement-consumer-protection/consumer-protection-cooperation-network/list-cpc-competent-authorities_en,https://ec.europa.eu/consumers/cpcn/cpc_ca.html,2026-04-23,Official source row does not list a legal responsibility in this snapshot.
FI,Finland,,"Liikenne- ja viestintävirasto (Traficom), Transport- och kommunikationsverket (Traficom)",Finnish Transport and Communications Agency (Traficom),"Legal responsibility for enforcing the following Union law(s):, Regulation (EC) No 1107/2006 on disabled persons' and persons with reduced mobility's rights when travelling by air, Regulation (EC) No 261/2004 on denied boarding and of cancellation or long delay of flights, Regulation (EU) No 1177/2010 on passengers' rights when travelling by sea and inland waterway, Regulation (EU) No 181/2011 on passengers' rights in bus and coach transport, Regulation (EU) No 2021/782 on rail passengers' rights and obligations (repealing Regulation (EC) No 1371/2007)",+358 29 534 5000,kirjaamo@traficom.fi,https://www.traficom.fi,PL 320; 00059 Traficom,,https://commission.europa.eu/live-work-travel-eu/consumer-rights-and-complaints/enforcement-consumer-protection/consumer-protection-cooperation-network/list-cpc-competent-authorities_en,https://ec.europa.eu/consumers/cpcn/cpc_ca.html,2026-04-23,
FI,Finland,,"Liikenne- ja viestintävirasto, Traficom, Transport- och kommunikationsverket, Traficom","Finnish Vehicle Administration (""AKE"")","Legal responsibility for enforcing the following Union law(s):, Regulation (EC) No 1107/2006 on disabled persons' and persons with reduced mobility's rights when travelling by air, Regulation (EC) No 261/2004 on denied boarding and of cancellation or long delay of flights, Regulation (EU) No 1177/2010 on passengers' rights when travelling by sea and inland waterway, Regulation (EU) No 181/2011 on passengers' rights in bus and coach transport, Regulation (EU) No 2021/782 on rail passengers' rights and obligations (repealing Regulation (EC) No 1371/2007)",+358 0295345000,paivi.vyhnalek@traficom.fi,http://www.traficom.fi,"Opastinsilta 12 A,; 00520 Helsinki",,https://commission.europa.eu/live-work-travel-eu/consumer-rights-and-complaints/enforcement-consumer-protection/consumer-protection-cooperation-network/list-cpc-competent-authorities_en,https://ec.europa.eu/consumers/cpcn/cpc_ca.html,2026-04-23,
FI,Finland,,Lounais-Suomen aluehallintovirasto,State Provincial Office of Southwest Finland,,+358 504560352,kirjaamo.lounais@avi.fi,http://www.avi.fi/lounais,Itsenäisyyden aukio 2; 20801 Turku,,https://commission.europa.eu/live-work-travel-eu/consumer-rights-and-complaints/enforcement-consumer-protection/consumer-protection-cooperation-network/list-cpc-competent-authorities_en,https://ec.europa.eu/consumers/cpcn/cpc_ca.html,2026-04-23,Official source row does not list a legal responsibility in this snapshot.
FI,Finland,,Länsi- ja Sisä-Suomen aluehallintovirasto,State Provincial Office of Western and Inland Finland,,+358 295018809,kirjaamo.lansi@avi.fi,http://www.avi.fi/lansi,"Wolffintie 35, PL 200; 65101 Vaasa",,https://commission.europa.eu/live-work-travel-eu/consumer-rights-and-complaints/enforcement-consumer-protection/consumer-protection-cooperation-network/list-cpc-competent-authorities_en,https://ec.europa.eu/consumers/cpcn/cpc_ca.html,2026-04-23,Official source row does not list a legal responsibility in this snapshot.
FI,Finland,,"Lääkealan turvallisuus- ja kehittämiskeskus, Säkerhets- och utvecklingscentret för läkemedelsområdet",Finnish Medicine Agency (Fimea),"Directive 2001/83/EC on medicinal products for human use, Legal responsibility for enforcing the following Union law(s):",+358 295223602,kirjaamo@fimea.fi,https://www.fimea.fi,Microkatu 1; 70210 Kuopio,,https://commission.europa.eu/live-work-travel-eu/consumer-rights-and-complaints/enforcement-consumer-protection/consumer-protection-cooperation-network/list-cpc-competent-authorities_en,https://ec.europa.eu/consumers/cpcn/cpc_ca.html,2026-04-23,
FI,Finland,,"Pohjois-Suomen aluehallintovirasto, Regionförvaltningsverket i Norra Finland",State Provincial Office of Northern Finland,,+358 295017500,kirjaamo.pohjois@avi.fi,http://www.avi.fi/pohjois,"Linnankatu 3, Oulu, PL 6; 13035 AVI",,https://commission.europa.eu/live-work-travel-eu/consumer-rights-and-complaints/enforcement-consumer-protection/consumer-protection-cooperation-network/list-cpc-competent-authorities_en,https://ec.europa.eu/consumers/cpcn/cpc_ca.html,2026-04-23,Official source row does not list a legal responsibility in this snapshot.
FI,Finland,,Suomen asiakkuusmarkkinointiliitto ry (ASML),Data & Marketing Association FInland (FIDMA),,+358 409208777,info@asml.fi,https://www.asml.fi/,Bulevardi 44; 00120 Helsinki,,https://commission.europa.eu/live-work-travel-eu/consumer-rights-and-complaints/enforcement-consumer-protection/consumer-protection-cooperation-network/list-cpc-competent-authorities_en,https://ec.europa.eu/consumers/cpcn/cpc_ca.html,2026-04-23,Official source row does not list a legal responsibility in this snapshot.
FI,Finland,,Tietosuojavaltuutetun toimisto Dataombudsmannens byrå,SA Finland (Office of the Data Protection Ombudsman),"Directive 2000/31/EC on electronic commerce, Legal responsibility for enforcing the following Union law(s):, Regulation (EU) 2017/1128 on cross-border portability of online content services",+358 29 56 66700,tietosuoja@om.fi,https://tietosuoja.fi,"Lintulahdenkuja 4, 4th floor; 00530 Helsinki",,https://commission.europa.eu/live-work-travel-eu/consumer-rights-and-complaints/enforcement-consumer-protection/consumer-protection-cooperation-network/list-cpc-competent-authorities_en,https://ec.europa.eu/consumers/cpcn/cpc_ca.html,2026-04-23,
FI,Finland,,"Tillstånds- och tillsynsverket, Lupa- ja valvontavirasto (LVV), sosiaali- ja terveysala",National Supervisory Authority for Welfare and Health (Valvira),,+358 295 256 930,imi@valvira.fi,http://www.lvv.fi,Yliopistonkatu 38; 33100 Tampere,,https://commission.europa.eu/live-work-travel-eu/consumer-rights-and-complaints/enforcement-consumer-protection/consumer-protection-cooperation-network/list-cpc-competent-authorities_en,https://ec.europa.eu/consumers/cpcn/cpc_ca.html,2026-04-23,Official source row does not list a legal responsibility in this snapshot.
FR,France,,ANIA (Association Nationale des Industries Alimentaires),National Association of Food Industries (ANIA),,+33 1 53 83 86 00,infos@ania.net,https://www.ania.net/,9 boulevard Malesherbes; 75008 Paris,,https://commission.europa.eu/live-work-travel-eu/consumer-rights-and-complaints/enforcement-consumer-protection/consumer-protection-cooperation-network/list-cpc-competent-authorities_en,https://ec.europa.eu/consumers/cpcn/cpc_ca.html,2026-04-23,Official source row does not list a legal responsibility in this snapshot.
FR,France,,Association Force Ouvrière de défense des consommateurs (AFOC),"Consumer protection association ""Force Ouvrière"" (Labor Force) (AFOC)",,+33 1 40 52 85 85,afoc@afoc.net,http://www.afoc.net/,141 avenue du Maine; 75014 Paris,,https://commission.europa.eu/live-work-travel-eu/consumer-rights-and-complaints/enforcement-consumer-protection/consumer-protection-cooperation-network/list-cpc-competent-authorities_en,https://ec.europa.eu/consumers/cpcn/cpc_ca.html,2026-04-23,Official source row does not list a legal responsibility in this snapshot.
FR,France,,"CLCV (Consommation, Logement et Cadre de Vie)","Consumption, housing and living environment",,+33 1 56 54 32 10,clcv@clcv.org,https://www.clcv.org/,"59, boulevard Exelmans; 75016 Paris",,https://commission.europa.eu/live-work-travel-eu/consumer-rights-and-complaints/enforcement-consumer-protection/consumer-protection-cooperation-network/list-cpc-competent-authorities_en,https://ec.europa.eu/consumers/cpcn/cpc_ca.html,2026-04-23,Official source row does not list a legal responsibility in this snapshot.
FR,France,,Direction générale de l’aviation civile (DGAC),French civil aviation authority,"Legal responsibility for enforcing the following Union law(s):, Regulation (EC) No 1107/2006 on disabled persons' and persons with reduced mobility's rights when travelling by air, Regulation (EC) No 261/2004 on denied boarding and of cancellation or long delay of flights",+33 (0) 1 58 09 43 21,dta-droits-des-passagers-aeriens-bf@aviation-civile.gouv.fr,,50 rue Henry Farman; 75720 CEDEX 15 Paris,,https://commission.europa.eu/live-work-travel-eu/consumer-rights-and-complaints/enforcement-consumer-protection/consumer-protection-cooperation-network/list-cpc-competent-authorities_en,https://ec.europa.eu/consumers/cpcn/cpc_ca.html,2026-04-23,
FR,France,,Federation Nationale Familles de France,National Federation of Families - France,,+33 6 15 54 90 37,famillesdefrance13@gmail.com,https://www.familles-de-france.org/,28 place Saint Goerge; 75009 Paris,,https://commission.europa.eu/live-work-travel-eu/consumer-rights-and-complaints/enforcement-consumer-protection/consumer-protection-cooperation-network/list-cpc-competent-authorities_en,https://ec.europa.eu/consumers/cpcn/cpc_ca.html,2026-04-23,Official source row does not list a legal responsibility in this snapshot.
FR,France,,Fédération Française de l’Assurance (FFA),French Insurance Fédération,,+33 1 42 47 93 10,reglement2394-cpc@ffa-assurance.fr,https://www.ffa-assurance.fr/,26 Boulevard Haussmann; 75311 Paris,,https://commission.europa.eu/live-work-travel-eu/consumer-rights-and-complaints/enforcement-consumer-protection/consumer-protection-cooperation-network/list-cpc-competent-authorities_en,https://ec.europa.eu/consumers/cpcn/cpc_ca.html,2026-04-23,Official source row does not list a legal responsibility in this snapshot.
FR,France,,Fédération Nationale des Associations d’Usagers des Transports (FNAUT),National Federation of Transport Users Associations (FNAUT),,+33 1 43 35 02 83,secretariat@fnaut.fr,https://www.fnaut.fr/,32 rue Raymond Losserand; 75014 Paris,,https://commission.europa.eu/live-work-travel-eu/consumer-rights-and-complaints/enforcement-consumer-protection/consumer-protection-cooperation-network/list-cpc-competent-authorities_en,https://ec.europa.eu/consumers/cpcn/cpc_ca.html,2026-04-23,Official source row does not list a legal responsibility in this snapshot.
FR,France,,Fédération des Syndicats Pharmaceutiques de France,French Federation of Pharmaceutical Trade Unions,,+33 1 44 53 19 25,fspf@fspf.fr,http://www.fspf.fr/,13 rue Ballu; 75009 Paris,,https://commission.europa.eu/live-work-travel-eu/consumer-rights-and-complaints/enforcement-consumer-protection/consumer-protection-cooperation-network/list-cpc-competent-authorities_en,https://ec.europa.eu/consumers/cpcn/cpc_ca.html,2026-04-23,Official source row does not list a legal responsibility in this snapshot.
FR,France,,Fédération des industries électriques électroniques et de communication (FIEEC),"Federation of Electrical, Electronic and Communication Industries",,+33 1 45 05 72 04,contact@fieec.fr,https://www.fieec.fr/en/home/,17 rue de l’Amiral Hamelin; 75116 Paris,,https://commission.europa.eu/live-work-travel-eu/consumer-rights-and-complaints/enforcement-consumer-protection/consumer-protection-cooperation-network/list-cpc-competent-authorities_en,https://ec.europa.eu/consumers/cpcn/cpc_ca.html,2026-04-23,Official source row does not list a legal responsibility in this snapshot.
FR,France,,La Coopération Agricole (Coop de France) - Organisation professionnelle des coopératives agricoles et agroalimentaires françaises,"""La Coopération Agricole"" (Coop de France) - Professional organisation of French agricultural and agrifood cooperatives",,+33 1 44 17 57 00,accueil@lacoopagri.coop,https://www.lacooperationagricole.coop/fr,43 rue Sedaine; 75011 Paris,,https://commission.europa.eu/live-work-travel-eu/consumer-rights-and-complaints/enforcement-consumer-protection/consumer-protection-cooperation-network/list-cpc-competent-authorities_en,https://ec.europa.eu/consumers/cpcn/cpc_ca.html,2026-04-23,Official source row does not list a legal responsibility in this snapshot.
FR,France,,Union Fédération des Consommateurs – Que Choisir (UFC - Que Choisir),"Union Federation of Consumers - ""Que Choisir"" (""What to Choose"" UFC - Que Choisir)",,+33 1 43 48 55 48,quechoisir@quechoisir.org,,"233, boulevard Voltaire; 75011 Paris",,https://commission.europa.eu/live-work-travel-eu/consumer-rights-and-complaints/enforcement-consumer-protection/consumer-protection-cooperation-network/list-cpc-competent-authorities_en,https://ec.europa.eu/consumers/cpcn/cpc_ca.html,2026-04-23,Official source row does not list a legal responsibility in this snapshot.
DE,Germany,* National coverage / competence (DE),Bundesamt für Justiz,German Environment Agency,"Directive (EU) 2015/2302 on package travel and linked travel arrangements, Directive 1999/44/EC on the sale of consumer goods and associated guarantees, Directive 2000/31/EC on electronic commerce, Directive 2002/58/EC on privacy and electronic communications, Directive 2002/65/EC on distance marketing of consumer financial services, Directive 2005/29/EC on unfair commercial practices, Directive 2006/114/EC on misleading and comparative advertising, Directive 2008/122/EC on timeshare, long-term holiday product, resale and exchange contracts, Directive 2008/48/EC on credit agreements for consumers, Directive 2011/83/EU on consumer rights, Directive 2013/11/EU on consumer ADR, Directive 2014/17/EU on credit agreements for consumers for residential property, Directive 93/13/EEC on unfair terms in consumer contracts, Legal responsibility for enforcing the following Union law(s):, Regulation (EC) No 1008/2008 on common air services rules in the Community, Regulation (EU) 2017/1128 on cross-border portability of online content services, Regulation (EU) No 524/2013 on consumer ODR",+49 228 99 410-40,eu-verbraucherschutz@bfj.bund.de,https://www.bundesjustizamt.de,Adenauerallee 99 – 103; 53113 Bonn,,https://commission.europa.eu/live-work-travel-eu/consumer-rights-and-complaints/enforcement-consumer-protection/consumer-protection-cooperation-network/list-cpc-competent-authorities_en,https://ec.europa.eu/consumers/cpcn/cpc_ca.html,2026-04-23,Source lists this entry with regional or sectoral scope metadata.
DE,Germany,* National coverage / competence (DE),Bundesamt für Justiz,Federal Office of Justice,"Directive (EU) 2015/2302 on package travel and linked travel arrangements, Directive 1999/44/EC on the sale of consumer goods and associated guarantees, Directive 2000/31/EC on electronic commerce, Directive 2002/58/EC on privacy and electronic communications, Directive 2002/65/EC on distance marketing of consumer financial services, Directive 2005/29/EC on unfair commercial practices, Directive 2006/114/EC on misleading and comparative advertising, Directive 2008/122/EC on timeshare, long-term holiday product, resale and exchange contracts, Directive 2008/48/EC on credit agreements for consumers, Directive 2011/83/EU on consumer rights, Directive 2013/11/EU on consumer ADR, Directive 2014/17/EU on credit agreements for consumers for residential property, Directive 93/13/EEC on unfair terms in consumer contracts, Legal responsibility for enforcing the following Union law(s):, Regulation (EC) No 1008/2008 on common air services rules in the Community, Regulation (EC) No 1107/2006 on disabled persons' and persons with reduced mobility's rights when travelling by air, Regulation (EU) 2017/1128 on cross-border portability of online content services, Regulation (EU) No 524/2013 on consumer ODR",+49 22899 410 40,poststelle@bfj.bund.de,http://www.bundesjustizamt.de,Adenauerallee 99-103; 53113 Bonn,,https://commission.europa.eu/live-work-travel-eu/consumer-rights-and-complaints/enforcement-consumer-protection/consumer-protection-cooperation-network/list-cpc-competent-authorities_en,https://ec.europa.eu/consumers/cpcn/cpc_ca.html,2026-04-23,Source lists this entry with regional or sectoral scope metadata.
DE,Germany,* National coverage / competence (DE),Bundesanstalt für Finanzdienstleistungsaufsicht,Federal Financial Supervisory Authority,"Directive 2008/48/EC on credit agreements for consumers, Legal responsibility for enforcing the following Union law(s):",+49 228 4108 0,VBS11@bafin.de,https://www.bafin.de/DE/Startseite/startseite_node.html,Marie-Curie-Straße 24-28; 60439 Frankfurt,,https://commission.europa.eu/live-work-travel-eu/consumer-rights-and-complaints/enforcement-consumer-protection/consumer-protection-cooperation-network/list-cpc-competent-authorities_en,https://ec.europa.eu/consumers/cpcn/cpc_ca.html,2026-04-23,Source lists this entry with regional or sectoral scope metadata.
DE,Germany,* National coverage / competence (DE),Bundesnetzagentur (BNetzA),Federal Network Agency,"Directive 2006/123/EC on services in the internal market, Legal responsibility for enforcing the following Union law(s):, Regulation (EU) 2018/302 addressing unjustified geo-blocking",+49 228 14 0,901-Postfach@bnetza.de,https://www.bundesnetzagentur.de/,Tulpenfeld 4; 53113 Bonn,,https://commission.europa.eu/live-work-travel-eu/consumer-rights-and-complaints/enforcement-consumer-protection/consumer-protection-cooperation-network/list-cpc-competent-authorities_en,https://ec.europa.eu/consumers/cpcn/cpc_ca.html,2026-04-23,Source lists this entry with regional or sectoral scope metadata.
DE,Germany,* National coverage / competence (DE),Bundesverband der Verbraucherzentralen und Verbraucherverbände - Verbraucherzentrale Bundesverband e.V. (vzbv),The Federation of German Consumer Organisation,,+4930258000,rechtsdurchsetzung@vzbv.de,http://www.vzbv.de,Rudi-Dutschke-Straße 17; 10969 Berlin,,https://commission.europa.eu/live-work-travel-eu/consumer-rights-and-complaints/enforcement-consumer-protection/consumer-protection-cooperation-network/list-cpc-competent-authorities_en,https://ec.europa.eu/consumers/cpcn/cpc_ca.html,2026-04-23,Official source row does not list a legal responsibility in this snapshot. Source lists this entry with regional or sectoral scope metadata.
DE,Germany,* National coverage / competence (DE),Eisenbahn-Bundesamt,Federal Railway Authority - German National Safety Authority (NSA),"Legal responsibility for enforcing the following Union law(s):, Regulation (EU) No 1177/2010 on passengers' rights when travelling by sea and inland waterway, Regulation (EU) No 181/2011 on passengers' rights in bus and coach transport, Regulation (EU) No 2021/782 on rail passengers' rights and obligations (repealing Regulation (EC) No 1371/2007)",+49 228 9826 0,Ref54@eba.bund.de,http://www.eba.bund.de/DE/Home/home_node.html,Heinemannstraße 6; 53175 Bonn,,https://commission.europa.eu/live-work-travel-eu/consumer-rights-and-complaints/enforcement-consumer-protection/consumer-protection-cooperation-network/list-cpc-competent-authorities_en,https://ec.europa.eu/consumers/cpcn/cpc_ca.html,2026-04-23,Source lists this entry with regional or sectoral scope metadata.
DE,Germany,* National coverage / competence (DE),Luftfahrt-Bundesamt,Luftfahrt-Bundesamt (LBA),"Legal responsibility for enforcing the following Union law(s):, Regulation (EC) No 1008/2008 on common air services rules in the Community, Regulation (EC) No 1107/2006 on disabled persons' and persons with reduced mobility's rights when travelling by air, Regulation (EC) No 261/2004 on denied boarding and of cancellation or long delay of flights",+49 531 2355 115,durchsetzungsstelle@lba.de,https://www.lba.de/DE/Home/home_node.html,Hermann-Blenk-Str. 21; 38108 Braunschweig,,https://commission.europa.eu/live-work-travel-eu/consumer-rights-and-complaints/enforcement-consumer-protection/consumer-protection-cooperation-network/list-cpc-competent-authorities_en,https://ec.europa.eu/consumers/cpcn/cpc_ca.html,2026-04-23,Source lists this entry with regional or sectoral scope metadata.
DE,Germany,* National coverage / competence (DE),Zentrale zur Bekämpfung unlauteren Wettbewerbs Frankfurt am Main e.V.,Centre for Protection against unfair competition,,+ 49 617212150,mail@wettbewerbszentrale.de,http://www.wettbewerbszentrale.de,Landgrafenstraße 24 B; 61348 Bad Homburg vor der Höhe,,https://commission.europa.eu/live-work-travel-eu/consumer-rights-and-complaints/enforcement-consumer-protection/consumer-protection-cooperation-network/list-cpc-competent-authorities_en,https://ec.europa.eu/consumers/cpcn/cpc_ca.html,2026-04-23,Official source row does not list a legal responsibility in this snapshot. Source lists this entry with regional or sectoral scope metadata.
DE,Germany,Baden-Wurttemberg,Landesanstalt für Kommunikation,State Media Authority Baden-Wuerttemberg,"Directive 2000/31/EC on electronic commerce, Directive 2010/13/EU on audiovisual media services, Legal responsibility for enforcing the following Union law(s):",+49 711 66991 0,info@lfk.de,https://www.lfk.de/,Reinsburgstraße 27; 70178 Stuttgart,,https://commission.europa.eu/live-work-travel-eu/consumer-rights-and-complaints/enforcement-consumer-protection/consumer-protection-cooperation-network/list-cpc-competent-authorities_en,https://ec.europa.eu/consumers/cpcn/cpc_ca.html,2026-04-23,Source lists this entry with regional or sectoral scope metadata.
DE,Germany,Baden-Wurttemberg,Landeshauptstadt Stuttgart - Amt für öffentliche Ordnung -,"City of Stuttgart, capital of Baden-Wuertemberg - Business inspectorate (Baden-Wuerttemberg)","Directive 98/6/EC on consumer protection in the indication of the prices of products, Legal responsibility for enforcing the following Union law(s):",+49 711-216-98904,gewerbe.gaststaettenrecht@stuttgart.de,http://www.stuttgart.de,Eberhardstr. 37; 70173 Stuttgart,,https://commission.europa.eu/live-work-travel-eu/consumer-rights-and-complaints/enforcement-consumer-protection/consumer-protection-cooperation-network/list-cpc-competent-authorities_en,https://ec.europa.eu/consumers/cpcn/cpc_ca.html,2026-04-23,Source lists this entry with regional or sectoral scope metadata.
DE,Germany,Baden-Wurttemberg,"Ministerium für Soziales, Gesundheit und Integration Baden-Württemberg",Ministry of Social Affairs and Integration Baden-Württemberg – Coordinating Authority for the recognition of foreign professional qualifications (Baden-Wuerttemberg),"Directive 2001/83/EC on medicinal products for human use, Legal responsibility for enforcing the following Union law(s):",+49 711 123 0,poststelle@sm.bwl.de,http://www.sozialministerium-bw.de,Else-Josenhans-Straße 6; 70173 Stuttgart,,https://commission.europa.eu/live-work-travel-eu/consumer-rights-and-complaints/enforcement-consumer-protection/consumer-protection-cooperation-network/list-cpc-competent-authorities_en,https://ec.europa.eu/consumers/cpcn/cpc_ca.html,2026-04-23,Source lists this entry with regional or sectoral scope metadata.
DE,Germany,Baden-Wurttemberg,"Ministerium für Wirtschaft, Arbeit und Wohnungsbau Baden-Württemberg",Ministry of Economy (Baden-Wuerttemberg),"Directive 98/6/EC on consumer protection in the indication of the prices of products, Legal responsibility for enforcing the following Union law(s):",+49 711 123 0,DIMIC@wm.bwl.de,http://wm.baden-wuerttemberg.de,Schlossplatz 4 - Neues Schloss; 70173 Stuttgart,,https://commission.europa.eu/live-work-travel-eu/consumer-rights-and-complaints/enforcement-consumer-protection/consumer-protection-cooperation-network/list-cpc-competent-authorities_en,https://ec.europa.eu/consumers/cpcn/cpc_ca.html,2026-04-23,Source lists this entry with regional or sectoral scope metadata.
DE,Germany,Baden-Wurttemberg,Staatsministerium Baden-Württemberg,State Ministry (Baden-Wuerttemberg),"Directive 2010/13/EU on audiovisual media services, Legal responsibility for enforcing the following Union law(s):",+49 711 2153 0,poststelle@stm.bwl.de,http://www.stm.baden-wuerttemberg.de,Richard-Wagner-Str. 15; 70184 Stuttgart,,https://commission.europa.eu/live-work-travel-eu/consumer-rights-and-complaints/enforcement-consumer-protection/consumer-protection-cooperation-network/list-cpc-competent-authorities_en,https://ec.europa.eu/consumers/cpcn/cpc_ca.html,2026-04-23,Source lists this entry with regional or sectoral scope metadata.
DE,Germany,Bavaria,Bayerische Landeszentrale für neue Medien,Bavarian regulatory authority for new media,"Directive 2010/13/EU on audiovisual media services, Legal responsibility for enforcing the following Union law(s):",+49 89 63 808 0,info@blm.de,https://www.blm.de/startseite.cfm,Heinrich-Lübke-Straße 27; 81737 München,,https://commission.europa.eu/live-work-travel-eu/consumer-rights-and-complaints/enforcement-consumer-protection/consumer-protection-cooperation-network/list-cpc-competent-authorities_en,https://ec.europa.eu/consumers/cpcn/cpc_ca.html,2026-04-23,Source lists this entry with regional or sectoral scope metadata.
DE,Germany,Bavaria,"Bayerisches Staatsministerium für Wirtschaft, Landesentwicklung und Energie","Ministry of Economic Affairs, Media, Energy and Technology (Bavaria)","Directive 2000/31/EC on electronic commerce, Directive 2008/48/EC on credit agreements for consumers, Directive 98/6/EC on consumer protection in the indication of the prices of products, Legal responsibility for enforcing the following Union law(s):",+49,poststelle@stmwi.bayern.de,http://www.stmwi.bayern.de/,Prinzregentenstraße 28; 80538 München,,https://commission.europa.eu/live-work-travel-eu/consumer-rights-and-complaints/enforcement-consumer-protection/consumer-protection-cooperation-network/list-cpc-competent-authorities_en,https://ec.europa.eu/consumers/cpcn/cpc_ca.html,2026-04-23,Source lists this entry with regional or sectoral scope metadata.
DE,Germany,Bavaria,Bayerisches Staatsministerium für Wissenschaft und Kunst,Bavarian State Ministry for Science and Art,"Directive 2010/13/EU on audiovisual media services, Legal responsibility for enforcing the following Union law(s):",0049 89 2186 -0,Kulturgutschutz@stmwk.bayern.de,https://www.stmwk.bayern.de/,Salvatorstraße 2; 80333 München,,https://commission.europa.eu/live-work-travel-eu/consumer-rights-and-complaints/enforcement-consumer-protection/consumer-protection-cooperation-network/list-cpc-competent-authorities_en,https://ec.europa.eu/consumers/cpcn/cpc_ca.html,2026-04-23,Source lists this entry with regional or sectoral scope metadata.
DE,Germany,Bavaria,Regierung von Oberfranken,Upper Franconia (Oberfranken) regional authority (Bavaria),"Directive 2001/83/EC on medicinal products for human use, Legal responsibility for enforcing the following Union law(s):",+49 (0)921 604-0,poststelle@reg-ofr.bayern.de,http://www.regierung.oberfranken.bayern.de,Ludwigstrasse 20; 95444 Bayreuth,,https://commission.europa.eu/live-work-travel-eu/consumer-rights-and-complaints/enforcement-consumer-protection/consumer-protection-cooperation-network/list-cpc-competent-authorities_en,https://ec.europa.eu/consumers/cpcn/cpc_ca.html,2026-04-23,Source lists this entry with regional or sectoral scope metadata.
DE,Germany,Berlin,Der Regierende Bürgermeister von Berlin – Senatskanzlei,The Governing Mayor of Berlin – Senate Chancellery,"Directive 2010/13/EU on audiovisual media services, Legal responsibility for enforcing the following Union law(s):",+49 30 9026 0,Der-Regierende-Buergermeister@senatskanzlei.berlin.de,https://www.berlin.de/rbmskzl/en/,Jüdenstr. 1; 10178 Berlin,,https://commission.europa.eu/live-work-travel-eu/consumer-rights-and-complaints/enforcement-consumer-protection/consumer-protection-cooperation-network/list-cpc-competent-authorities_en,https://ec.europa.eu/consumers/cpcn/cpc_ca.html,2026-04-23,Source lists this entry with regional or sectoral scope metadata.
DE,Germany,Berlin,Landesamt für Gesundheit und Soziales Berlin,Regional office for health and social affairs (Berlin),"Directive 2001/83/EC on medicinal products for human use, Legal responsibility for enforcing the following Union law(s):",+49 30 90229 2120,bqfg@lageso.berlin.de,https://www.berlin.de/lageso/,Turmstraße 21; 10559 Berlin,,https://commission.europa.eu/live-work-travel-eu/consumer-rights-and-complaints/enforcement-consumer-protection/consumer-protection-cooperation-network/list-cpc-competent-authorities_en,https://ec.europa.eu/consumers/cpcn/cpc_ca.html,2026-04-23,Source lists this entry with regional or sectoral scope metadata.
DE,Germany,Berlin,Medienanstalt Berlin-Brandenburg,Media Authority Berlin-Brandenburg,"Directive (EU) 2015/2302 on package travel and linked travel arrangements, Directive 1999/44/EC on the sale of consumer goods and associated guarantees, Directive 2000/31/EC on electronic commerce, Directive 2001/83/EC on medicinal products for human use, Directive 2002/58/EC on privacy and electronic communications, Directive 2002/65/EC on distance marketing of consumer financial services, Directive 2005/29/EC on unfair commercial practices, Directive 2006/114/EC on misleading and comparative advertising, Directive 2006/123/EC on services in the internal market, Directive 2008/122/EC on timeshare, long-term holiday product, resale and exchange contracts, Directive 2008/48/EC on credit agreements for consumers, Directive 2010/13/EU on audiovisual media services, Directive 2011/83/EU on consumer rights, Directive 2013/11/EU on consumer ADR, Directive 2014/17/EU on credit agreements for consumers for residential property, Directive 2014/92/EU on the comparability of fees related to payment accounts, Directive 93/13/EEC on unfair terms in consumer contracts, Directive 98/6/EC on consumer protection in the indication of the prices of products, Legal responsibility for enforcing the following Union law(s):, Regulation (EC) No 1008/2008 on common air services rules in the Community, Regulation (EC) No 1107/2006 on disabled persons' and persons with reduced mobility's rights when travelling by air, Regulation (EC) No 261/2004 on denied boarding and of cancellation or long delay of flights, Regulation (EU) 2017/1128 on cross-border portability of online content services, Regulation (EU) 2018/302 addressing unjustified geo-blocking, Regulation (EU) No 1177/2010 on passengers' rights when travelling by sea and inland waterway, Regulation (EU) No 181/2011 on passengers' rights in bus and coach transport, Regulation (EU) No 2021/782 on rail passengers' rights and obligations (repealing Regulation (EC) No 1371/2007), Regulation (EU) No 524/2013 on consumer ODR",+49 30 264 967 0,mail@mabb.de,https://www.mabb.de/home.html,Kleine Präsidentenstraße 1; 10178 Berlin,,https://commission.europa.eu/live-work-travel-eu/consumer-rights-and-complaints/enforcement-consumer-protection/consumer-protection-cooperation-network/list-cpc-competent-authorities_en,https://ec.europa.eu/consumers/cpcn/cpc_ca.html,2026-04-23,Source lists this entry with regional or sectoral scope metadata.
DE,Germany,Berlin,"Senatsverwaltung für Wirtschaft, Energie und Betriebe (SDIMIC)",Economic administration Berlin (European affairs) (Berlin) (SDIMIC),"Directive 98/6/EC on consumer protection in the indication of the prices of products, Legal responsibility for enforcing the following Union law(s):",+49 30 9013 0,imi@senweb.berlin.de,http://www.berlin.de/sen/wtf/index.html,Martin-Luther-Straße 105; 10825 Berlin,,https://commission.europa.eu/live-work-travel-eu/consumer-rights-and-complaints/enforcement-consumer-protection/consumer-protection-cooperation-network/list-cpc-competent-authorities_en,https://ec.europa.eu/consumers/cpcn/cpc_ca.html,2026-04-23,Source lists this entry with regional or sectoral scope metadata.
DE,Germany,Brandenburg,"Landesamt für Arbeitsschutz, Verbraucherschutz und Gesundheit Brandenburg, Abteilung Gesundheit (LAVG)","Regional authority for health and safety at work, consumer protection and health (LAVG) - Zossen (Brandenburg)","Directive 2001/83/EC on medicinal products for human use, Legal responsibility for enforcing the following Union law(s):",+49 331 8683 807,G1-Berufsrecht@LAVG.Brandenburg.de,http://www.lavg.brandenburg.de,Horstweg 57; 14478 Potsdam,,https://commission.europa.eu/live-work-travel-eu/consumer-rights-and-complaints/enforcement-consumer-protection/consumer-protection-cooperation-network/list-cpc-competent-authorities_en,https://ec.europa.eu/consumers/cpcn/cpc_ca.html,2026-04-23,Source lists this entry with regional or sectoral scope metadata.
DE,Germany,Brandenburg,"Ministerium für Soziales, Gesundheit, Integration und Verbraucherschutz des Landes Brandenburg","Ministry of Labour, Social Affairs, Women and Family (competent authority) (Brandenburg)","Directive 98/6/EC on consumer protection in the indication of the prices of products, Legal responsibility for enforcing the following Union law(s):",+49 331 866 5237,poststelle@msgiv.brandenburg.de,http://www.msgiv.brandenburg.de,Heinrich-Mann-Allee 103; 14473 Potsdam,,https://commission.europa.eu/live-work-travel-eu/consumer-rights-and-complaints/enforcement-consumer-protection/consumer-protection-cooperation-network/list-cpc-competent-authorities_en,https://ec.europa.eu/consumers/cpcn/cpc_ca.html,2026-04-23,Source lists this entry with regional or sectoral scope metadata.
DE,Germany,Brandenburg,Staatskanzlei Brandenburg,State Chancellery Brandenburg,"Directive 2010/13/EU on audiovisual media services, Legal responsibility for enforcing the following Union law(s):",0049 (0) 331 886 0,poststelle@stk.brandenburg.de,,Heinrich-Mann-Allee 107; 14473 Potsdam,,https://commission.europa.eu/live-work-travel-eu/consumer-rights-and-complaints/enforcement-consumer-protection/consumer-protection-cooperation-network/list-cpc-competent-authorities_en,https://ec.europa.eu/consumers/cpcn/cpc_ca.html,2026-04-23,Source lists this entry with regional or sectoral scope metadata.
DE,Germany,Bremen,Bremische Landesmedienanstalt,Media Authority of Bremen,"Directive 2010/13/EU on audiovisual media services, Legal responsibility for enforcing the following Union law(s):",0049421334940,info@bremische-landesmedienanstalt.de,https://www.bremische-landesmedienanstalt.de,Richtweg 14; 28195 Bremen,,https://commission.europa.eu/live-work-travel-eu/consumer-rights-and-complaints/enforcement-consumer-protection/consumer-protection-cooperation-network/list-cpc-competent-authorities_en,https://ec.europa.eu/consumers/cpcn/cpc_ca.html,2026-04-23,Source lists this entry with regional or sectoral scope metadata.
DE,Germany,Bremen,"Die Senatorin für Gesundheit, Frauen und Verbraucherschutz",Regional Health Authority (Bremen),"Directive 2001/83/EC on medicinal products for human use, Legal responsibility for enforcing the following Union law(s):",+49 421 3619554,imi@gesundheit.bremen.de,http://www.gesundheit.bremen.de,Faulenstraße 9/15; 28195 Bremen,,https://commission.europa.eu/live-work-travel-eu/consumer-rights-and-complaints/enforcement-consumer-protection/consumer-protection-cooperation-network/list-cpc-competent-authorities_en,https://ec.europa.eu/consumers/cpcn/cpc_ca.html,2026-04-23,Source lists this entry with regional or sectoral scope metadata.
DE,Germany,Bremen,Senator für Finanzen,Senator for Finance (Bremen),"Directive 2002/65/EC on distance marketing of consumer financial services, Directive 2008/48/EC on credit agreements for consumers, Legal responsibility for enforcing the following Union law(s):",+49 421 361 0,office@finanzen.bremen.de,https://www.finanzen.bremen.de/,Rudolf-Hilferding-Platz 1; 28195 Bremen,,https://commission.europa.eu/live-work-travel-eu/consumer-rights-and-complaints/enforcement-consumer-protection/consumer-protection-cooperation-network/list-cpc-competent-authorities_en,https://ec.europa.eu/consumers/cpcn/cpc_ca.html,2026-04-23,Source lists this entry with regional or sectoral scope metadata.
DE,Germany,Bremen,"Senatorin für Wirtschaft, Häfen und Transformation (SDIMIC)",Senator for Economic Affairs (Bremen),"Directive 98/6/EC on consumer protection in the indication of the prices of products, Legal responsibility for enforcing the following Union law(s):",+49 421 3618808,office@wae.bremen.de,http://www.wirtschaft.bremen.de,Zweite Schlachtpforte 3; 28195 Bremen,,https://commission.europa.eu/live-work-travel-eu/consumer-rights-and-complaints/enforcement-consumer-protection/consumer-protection-cooperation-network/list-cpc-competent-authorities_en,https://ec.europa.eu/consumers/cpcn/cpc_ca.html,2026-04-23,Source lists this entry with regional or sectoral scope metadata.
DE,Germany,Bremen,Senatskanzlei Bremen,Senate Chancellery,"Directive 2010/13/EU on audiovisual media services, Legal responsibility for enforcing the following Union law(s):",+49 421 361 6132,office@sk.bremen.de,https://www.rathaus.bremen.de/senatskanzlei-736,Am Markt 21; 28195 Bremen,,https://commission.europa.eu/live-work-travel-eu/consumer-rights-and-complaints/enforcement-consumer-protection/consumer-protection-cooperation-network/list-cpc-competent-authorities_en,https://ec.europa.eu/consumers/cpcn/cpc_ca.html,2026-04-23,Source lists this entry with regional or sectoral scope metadata.
DE,Germany,Hamburg,Behörde für Justiz und Verbraucherschutz Hamburg,Justice and Consumer Protection Authority (Hamburg),"Directive 2001/83/EC on medicinal products for human use, Legal responsibility for enforcing the following Union law(s):",+49 40 428 43 1618,imi@justiz.hamburg.de,https://www.hamburg.de/bjv/,Drehbahn 36; 20354 Hamburg,,https://commission.europa.eu/live-work-travel-eu/consumer-rights-and-complaints/enforcement-consumer-protection/consumer-protection-cooperation-network/list-cpc-competent-authorities_en,https://ec.europa.eu/consumers/cpcn/cpc_ca.html,2026-04-23,Source lists this entry with regional or sectoral scope metadata.
DE,Germany,Hamburg,Behörde für Kultur und Medien,Cultural authority (Hamburg),"Directive 2002/58/EC on privacy and electronic communications, Directive 2010/13/EU on audiovisual media services, Legal responsibility for enforcing the following Union law(s):, Regulation (EU) 2017/1128 on cross-border portability of online content services, Regulation (EU) 2018/302 addressing unjustified geo-blocking",+49 40 42831 3132,kulturgutschutz@bkm.hamburg.de,,Kattunbleiche 19; D - 22041 Hamburg,,https://commission.europa.eu/live-work-travel-eu/consumer-rights-and-complaints/enforcement-consumer-protection/consumer-protection-cooperation-network/list-cpc-competent-authorities_en,https://ec.europa.eu/consumers/cpcn/cpc_ca.html,2026-04-23,Source lists this entry with regional or sectoral scope metadata.
DE,Germany,Hamburg,Behörde für Wirtschaft und Innovation (SDIMIC),Ministry for Economic and Labour Affairs (Hamburg),"Directive 98/6/EC on consumer protection in the indication of the prices of products, Legal responsibility for enforcing the following Union law(s):",+49 40 42841 1383,IMI-DIMIC-HAMBURG@bwi.hamburg.de,http://www.hamburg.de/bwi/,Alter Steinweg 4; 20459 Hamburg,,https://commission.europa.eu/live-work-travel-eu/consumer-rights-and-complaints/enforcement-consumer-protection/consumer-protection-cooperation-network/list-cpc-competent-authorities_en,https://ec.europa.eu/consumers/cpcn/cpc_ca.html,2026-04-23,Source lists this entry with regional or sectoral scope metadata.
DE,Germany,Hesse,Hessische Staatskanzlei,State Chancellery of Hesse,"Directive 2010/13/EU on audiovisual media services, Legal responsibility for enforcing the following Union law(s):",+49 611 320,info@stk.hessen.de,https://staatskanzlei.hessen.de/,Georg-August-Zinn-Str. 1; 65183 Wiesbaden,,https://commission.europa.eu/live-work-travel-eu/consumer-rights-and-complaints/enforcement-consumer-protection/consumer-protection-cooperation-network/list-cpc-competent-authorities_en,https://ec.europa.eu/consumers/cpcn/cpc_ca.html,2026-04-23,Source lists this entry with regional or sectoral scope metadata.
DE,Germany,Hesse,"Hessisches Landesamt für Gesundheit und Pflege (HLfGP), Abteilung IV Gesundheitsberufe, Dezernat IV3 Pflegeberufe, Dezernat IV4 Gesundheitsberufe",Darmstadt regional Government Office (Hesse),"Directive 2001/83/EC on medicinal products for human use, Legal responsibility for enforcing the following Union law(s):",+49 611 3259 1000,poststelle@hlfgp.hessen.de,http://www.hlfgp.hessen.de,Heinrich-Hertz-Straße 5; 64295 Darmstadt,,https://commission.europa.eu/live-work-travel-eu/consumer-rights-and-complaints/enforcement-consumer-protection/consumer-protection-cooperation-network/list-cpc-competent-authorities_en,https://ec.europa.eu/consumers/cpcn/cpc_ca.html,2026-04-23,Source lists this entry with regional or sectoral scope metadata.
DE,Germany,Hesse,"Hessisches Ministerium für Wirtschaft, Energie, Verkehr, Wohnen und ländlichen Raum (DIMIC)",Ministry of Economic Affairs (Hesse),"Directive 98/6/EC on consumer protection in the indication of the prices of products, Legal responsibility for enforcing the following Union law(s):",+49 (0)611/815-0,info@wirtschaft.hessen.de,http://www.wirtschaft.hessen.de,Kaiser-Friedrich-Ring 75; 65185 Wiesbaden,,https://commission.europa.eu/live-work-travel-eu/consumer-rights-and-complaints/enforcement-consumer-protection/consumer-protection-cooperation-network/list-cpc-competent-authorities_en,https://ec.europa.eu/consumers/cpcn/cpc_ca.html,2026-04-23,Source lists this entry with regional or sectoral scope metadata.
DE,Germany,Hesse,Medienanstalt Hessen,Media Authority of Hesse,"Directive 2010/13/EU on audiovisual media services, Legal responsibility for enforcing the following Union law(s):",+49 561 935 86 0,info@medienanstalt-hessen.de,https://www.medienanstalt-hessen.de/,Wilhelmshöher Allee 262; 34131 Kassel,,https://commission.europa.eu/live-work-travel-eu/consumer-rights-and-complaints/enforcement-consumer-protection/consumer-protection-cooperation-network/list-cpc-competent-authorities_en,https://ec.europa.eu/consumers/cpcn/cpc_ca.html,2026-04-23,Source lists this entry with regional or sectoral scope metadata.
DE,Germany,Lower Saxony,Niedersächsiche Landesmedienanstalt (NLM),Lower Saxony Media Authority,"Directive 2010/13/EU on audiovisual media services, Legal responsibility for enforcing the following Union law(s):",+49511284770,info@nlm.de,https://www.nlm.de,Seelhorststraße 18; 30175 Hannover,,https://commission.europa.eu/live-work-travel-eu/consumer-rights-and-complaints/enforcement-consumer-protection/consumer-protection-cooperation-network/list-cpc-competent-authorities_en,https://ec.europa.eu/consumers/cpcn/cpc_ca.html,2026-04-23,Source lists this entry with regional or sectoral scope metadata.
DE,Germany,Lower Saxony,Niedersächsische Staatskanzlei,Lower Saxony State Chancellery,"Directive 2010/13/EU on audiovisual media services, Legal responsibility for enforcing the following Union law(s):",+49 511 120 0,poststelle@stk.niedersachsen.de,https://www.stk.niedersachsen.de,Planckstraße 2; 30169 Hannover,,https://commission.europa.eu/live-work-travel-eu/consumer-rights-and-complaints/enforcement-consumer-protection/consumer-protection-cooperation-network/list-cpc-competent-authorities_en,https://ec.europa.eu/consumers/cpcn/cpc_ca.html,2026-04-23,Source lists this entry with regional or sectoral scope metadata.
DE,Germany,Lower Saxony,"Niedersächsisches Ministerium für Ernährung, Landwirtschaft und Verbraucherschutz (ML)","Lower Saxony Ministry of Food, Agriculture and Consumer Protection","Directive 98/6/EC on consumer protection in the indication of the prices of products, Legal responsibility for enforcing the following Union law(s):",+49 511 120 0,poststelle@ml.niedersachsen.de,https://www.ml.niedersachsen.de/startseite/,Calenberger Str. 2; 30169 Hannover,,https://commission.europa.eu/live-work-travel-eu/consumer-rights-and-complaints/enforcement-consumer-protection/consumer-protection-cooperation-network/list-cpc-competent-authorities_en,https://ec.europa.eu/consumers/cpcn/cpc_ca.html,2026-04-23,Source lists this entry with regional or sectoral scope metadata.
DE,Germany,Lower Saxony,"Niedersächsisches Ministerium für Wirtschaft, Arbeit, Verkehr und Digitalisierung (SDIMIC)","Ministry of Economy, Labour and Transport (SDIMIC) (Lower Saxony)","Directive (EU) 2015/2302 on package travel and linked travel arrangements, Directive 2002/65/EC on distance marketing of consumer financial services, Directive 2005/29/EC on unfair commercial practices, Directive 2008/48/EC on credit agreements for consumers, Directive 2014/17/EU on credit agreements for consumers for residential property, Legal responsibility for enforcing the following Union law(s):, Regulation (EC) No 1008/2008 on common air services rules in the Community, Regulation (EC) No 1107/2006 on disabled persons' and persons with reduced mobility's rights when travelling by air, Regulation (EU) No 1177/2010 on passengers' rights when travelling by sea and inland waterway, Regulation (EU) No 181/2011 on passengers' rights in bus and coach transport, Regulation (EU) No 2021/782 on rail passengers' rights and obligations (repealing Regulation (EC) No 1371/2007)",+49 511 120 0,sdimic.imi@mw.niedersachsen.de,,Friedrichswall 1; 30159 Hannover,,https://commission.europa.eu/live-work-travel-eu/consumer-rights-and-complaints/enforcement-consumer-protection/consumer-protection-cooperation-network/list-cpc-competent-authorities_en,https://ec.europa.eu/consumers/cpcn/cpc_ca.html,2026-04-23,Source lists this entry with regional or sectoral scope metadata.
DE,Germany,Lower Saxony,Staatliches Gewerbeaufsichtsamt Braunschweig,"Regional Trade Inspectorate, Braunschweig (Brunswick) (Lower Saxony)","Directive 2001/83/EC on medicinal products for human use, Legal responsibility for enforcing the following Union law(s):",+49 531 354760,poststelle@gaa-bs.niedersachsen.de,http://www.gewerbeaufsicht.niedersachsen.de,Ludwig-Winter-Strasse 2; 38120 Braunschweig,,https://commission.europa.eu/live-work-travel-eu/consumer-rights-and-complaints/enforcement-consumer-protection/consumer-protection-cooperation-network/list-cpc-competent-authorities_en,https://ec.europa.eu/consumers/cpcn/cpc_ca.html,2026-04-23,Source lists this entry with regional or sectoral scope metadata.
DE,Germany,Lower Saxony,Staatliches Gewerbeaufsichtsamt Hannover,"Regional Trade Inspectorate, Hannover (Hanover) (Lower Saxony)","Directive 2001/83/EC on medicinal products for human use, Legal responsibility for enforcing the following Union law(s):",+49 511 9096 0,poststelle@gaa-h.niedersachsen.de,http://www.gewerbeaufsicht.niedersachsen.de,Freundallee 9a; 30173 Hannover,,https://commission.europa.eu/live-work-travel-eu/consumer-rights-and-complaints/enforcement-consumer-protection/consumer-protection-cooperation-network/list-cpc-competent-authorities_en,https://ec.europa.eu/consumers/cpcn/cpc_ca.html,2026-04-23,Source lists this entry with regional or sectoral scope metadata.
DE,Germany,Lower Saxony,Staatliches Gewerbeaufsichtsamt Lüneburg,"Regional Trade Inspectorate, Lueneburg (Lower Saxony)","Directive 2001/83/EC on medicinal products for human use, Legal responsibility for enforcing the following Union law(s):",+49 4131 15 14 00,imi@gaa-lg.niedersachsen.de,http://www.gewerbeaufsicht.niedersachsen.de,Auf der Hude 2; 21339 Lüneburg,,https://commission.europa.eu/live-work-travel-eu/consumer-rights-and-complaints/enforcement-consumer-protection/consumer-protection-cooperation-network/list-cpc-competent-authorities_en,https://ec.europa.eu/consumers/cpcn/cpc_ca.html,2026-04-23,Source lists this entry with regional or sectoral scope metadata.
DE,Germany,Lower Saxony,Staatliches Gewerbeaufsichtsamt Oldenburg,"Regional Trade Inspectorate, Oldenburg (Lower Saxony)","Directive 2001/83/EC on medicinal products for human use, Legal responsibility for enforcing the following Union law(s):",+49 441 799 0,poststelle@gaa-ol.niedersachsen.de,http://www.gewerbeaufsicht.niedersachsen.de,Theodor-Tantzen-Platz 8; 26122 Oldenburg,,https://commission.europa.eu/live-work-travel-eu/consumer-rights-and-complaints/enforcement-consumer-protection/consumer-protection-cooperation-network/list-cpc-competent-authorities_en,https://ec.europa.eu/consumers/cpcn/cpc_ca.html,2026-04-23,Source lists this entry with regional or sectoral scope metadata.
DE,Germany,Mecklenburg-Western Pomerania,Landesamt für Gesundheit und Soziales (Mecklenburg-Vorpommern),State Office for Health and Social Affairs (Mecklenburg-Vorpommern),"Directive 2001/83/EC on medicinal products for human use, Legal responsibility for enforcing the following Union law(s):",+49 385 588 59380,poststelle.amuest@lagus.mv-regierung.de,https://www.lagus.mv-regierung.de/,Wismarsche Straße 298; 19055 Schwerin,,https://commission.europa.eu/live-work-travel-eu/consumer-rights-and-complaints/enforcement-consumer-protection/consumer-protection-cooperation-network/list-cpc-competent-authorities_en,https://ec.europa.eu/consumers/cpcn/cpc_ca.html,2026-04-23,Source lists this entry with regional or sectoral scope metadata.
DE,Germany,Mecklenburg-Western Pomerania,Medienanstalt Mecklenburg-Vorpommern,Broadcast corporation Mecklenburg-Vorpommern,"Directive 2006/114/EC on misleading and comparative advertising, Directive 2010/13/EU on audiovisual media services, Legal responsibility for enforcing the following Union law(s):",0049 385 558 81 12,info@medienanstalt-mv.de,http://www.medienanstalt-mv.de,Bleicherufer 1; 19053 Schwerin,,https://commission.europa.eu/live-work-travel-eu/consumer-rights-and-complaints/enforcement-consumer-protection/consumer-protection-cooperation-network/list-cpc-competent-authorities_en,https://ec.europa.eu/consumers/cpcn/cpc_ca.html,2026-04-23,Source lists this entry with regional or sectoral scope metadata.
DE,Germany,Mecklenburg-Western Pomerania,"Ministerium für Wirtschaft, Infrastruktur, Tourismus und Arbeit Mecklenburg-Vorpommern (SDIMIC)","Ministry of Economics, Construction and Tourism (SDIMIC) (Mecklenburg-Vorpommern/Western Pomerania)","Directive 98/6/EC on consumer protection in the indication of the prices of products, Legal responsibility for enforcing the following Union law(s):",+49 385 588 0,sdimic@wm.mv-regierung.de,http://www.wm.mv-regierung.de,Johannes-Stelling-Str. 14; 19053 Schwerin,,https://commission.europa.eu/live-work-travel-eu/consumer-rights-and-complaints/enforcement-consumer-protection/consumer-protection-cooperation-network/list-cpc-competent-authorities_en,https://ec.europa.eu/consumers/cpcn/cpc_ca.html,2026-04-23,Source lists this entry with regional or sectoral scope metadata.
DE,Germany,Mecklenburg-Western Pomerania,Staatskanzlei des Landes Mecklenburg-Vorpommern,State Chancellery of Mecklenburg-Western Pomerania,"Directive 2010/13/EU on audiovisual media services, Legal responsibility for enforcing the following Union law(s):",+49 385 588 0,poststelle@stk.mv-regierung.de,https://www.regierung-mv.de/Landesregierung/stk/,Schloßstraße 2-4; 19053 Schwerin,,https://commission.europa.eu/live-work-travel-eu/consumer-rights-and-complaints/enforcement-consumer-protection/consumer-protection-cooperation-network/list-cpc-competent-authorities_en,https://ec.europa.eu/consumers/cpcn/cpc_ca.html,2026-04-23,Source lists this entry with regional or sectoral scope metadata.
DE,Germany,North Rhine-Westphalia,Bezirksregierung Düsseldorf,Duesseldorf District Authority (North Rhine-Westphalia),"Directive (EU) 2015/2302 on package travel and linked travel arrangements, Directive 1999/44/EC on the sale of consumer goods and associated guarantees, Directive 2000/31/EC on electronic commerce, Directive 2001/83/EC on medicinal products for human use, Directive 2002/58/EC on privacy and electronic communications, Directive 2002/65/EC on distance marketing of consumer financial services, Directive 2005/29/EC on unfair commercial practices, Directive 2006/114/EC on misleading and comparative advertising, Directive 2008/122/EC on timeshare, long-term holiday product, resale and exchange contracts, Directive 2008/48/EC on credit agreements for consumers, Directive 2011/83/EU on consumer rights, Directive 2013/11/EU on consumer ADR, Directive 2014/17/EU on credit agreements for consumers for residential property, Directive 93/13/EEC on unfair terms in consumer contracts, Directive 98/6/EC on consumer protection in the indication of the prices of products, Legal responsibility for enforcing the following Union law(s):, Regulation (EU) 2017/1128 on cross-border portability of online content services",+49 211 475 0,Dezernat24@brd.nrw.de,http://www.brd.nrw.de,Cecilienallee 2; 40474 Düsseldorf,,https://commission.europa.eu/live-work-travel-eu/consumer-rights-and-complaints/enforcement-consumer-protection/consumer-protection-cooperation-network/list-cpc-competent-authorities_en,https://ec.europa.eu/consumers/cpcn/cpc_ca.html,2026-04-23,Source lists this entry with regional or sectoral scope metadata.
DE,Germany,North Rhine-Westphalia,Landesanstalt für Medien Nordrhein-Westfalen,Media Authority NRW,"Directive 2000/31/EC on electronic commerce, Directive 2010/13/EU on audiovisual media services, Legal responsibility for enforcing the following Union law(s):",+49 (0) 211 77007 0,info@medienanstalt-nrw.de,https://www.medienanstalt-nrw.de/,Zollhof 2; 40221 Düsseldorf,,https://commission.europa.eu/live-work-travel-eu/consumer-rights-and-complaints/enforcement-consumer-protection/consumer-protection-cooperation-network/list-cpc-competent-authorities_en,https://ec.europa.eu/consumers/cpcn/cpc_ca.html,2026-04-23,Source lists this entry with regional or sectoral scope metadata.
DE,Germany,North Rhine-Westphalia,Staatskanzlei des Landes Nordrhein-Westfalen,State Chancellery of North-Rhine Westphalia,"Directive 2010/13/EU on audiovisual media services, Legal responsibility for enforcing the following Union law(s):",+49 (0) 211 837-1001,ministerpraesident@stk.nrw.de,https://www.land.nrw/de/landesregierung/ministerpraesident/staatskanzlei,P.O. Box; 40190 Düsseldorf,,https://commission.europa.eu/live-work-travel-eu/consumer-rights-and-complaints/enforcement-consumer-protection/consumer-protection-cooperation-network/list-cpc-competent-authorities_en,https://ec.europa.eu/consumers/cpcn/cpc_ca.html,2026-04-23,Source lists this entry with regional or sectoral scope metadata.
DE,Germany,Rhineland-Palatinate,"Landesamt für Soziales, Jugend und Versorgung (Rheinland-Pfalz)","Regional authority for social affairs, youth and care (health professions) (Rhineland-Palatinate)","Directive 2001/83/EC on medicinal products for human use, Legal responsibility for enforcing the following Union law(s):",+49 61319670,BA-FD@lsjv.rlp.de,,Rheinallee 97-101; 55118 Mainz,,https://commission.europa.eu/live-work-travel-eu/consumer-rights-and-complaints/enforcement-consumer-protection/consumer-protection-cooperation-network/list-cpc-competent-authorities_en,https://ec.europa.eu/consumers/cpcn/cpc_ca.html,2026-04-23,Source lists this entry with regional or sectoral scope metadata.
DE,Germany,Rhineland-Palatinate,Medienanstalt Rheinland-Pfalz,State Media Authority RLP,"Directive 2010/13/EU on audiovisual media services, Legal responsibility for enforcing the following Union law(s):",+49 621 5202-290,cwolf@medienanstalt-rlp.de,https://www.medienanstalt-rlp.de/,Turmstraße 10; 67059 Ludwigshafen,,https://commission.europa.eu/live-work-travel-eu/consumer-rights-and-complaints/enforcement-consumer-protection/consumer-protection-cooperation-network/list-cpc-competent-authorities_en,https://ec.europa.eu/consumers/cpcn/cpc_ca.html,2026-04-23,Source lists this entry with regional or sectoral scope metadata.
DE,Germany,Rhineland-Palatinate,"Ministerium für Wirtschaft, Verkehr, Landwirtschaft und Weinbau (Rheinland-Palz)","Ministry for Economic Affairs, Climate Protection, Energy and Regional Planning (Rhineland-Palatinate)","Directive (EU) 2015/2302 on package travel and linked travel arrangements, Directive 1999/44/EC on the sale of consumer goods and associated guarantees, Directive 2002/58/EC on privacy and electronic communications, Directive 2002/65/EC on distance marketing of consumer financial services, Directive 2005/29/EC on unfair commercial practices, Directive 2006/114/EC on misleading and comparative advertising, Directive 2006/123/EC on services in the internal market, Directive 2008/48/EC on credit agreements for consumers, Directive 2011/83/EU on consumer rights, Directive 2013/11/EU on consumer ADR, Directive 2014/17/EU on credit agreements for consumers for residential property, Directive 93/13/EEC on unfair terms in consumer contracts, Directive 98/6/EC on consumer protection in the indication of the prices of products, Legal responsibility for enforcing the following Union law(s):, Regulation (EU) No 524/2013 on consumer ODR",+49 6131 16 2525,imi@mwvlw.rlp.de,https://mwvlw.rlp.de/de/startseite/,Stiftsstraße 9; 55116 Mainz,,https://commission.europa.eu/live-work-travel-eu/consumer-rights-and-complaints/enforcement-consumer-protection/consumer-protection-cooperation-network/list-cpc-competent-authorities_en,https://ec.europa.eu/consumers/cpcn/cpc_ca.html,2026-04-23,Source lists this entry with regional or sectoral scope metadata.
DE,Germany,Rhineland-Palatinate,Staatskanzlei Rheinland-Pfalz,State Chancellery of Rhineland-Palatinate,"Directive 2010/13/EU on audiovisual media services, Legal responsibility for enforcing the following Union law(s):",+49 6131 16 4711,medienreferat@stk.rlp.de,https://www.rlp.de/de/landesregierung/staatskanzlei/,Peter-Altmeier-Allee 1; 55116 Mainz,,https://commission.europa.eu/live-work-travel-eu/consumer-rights-and-complaints/enforcement-consumer-protection/consumer-protection-cooperation-network/list-cpc-competent-authorities_en,https://ec.europa.eu/consumers/cpcn/cpc_ca.html,2026-04-23,Source lists this entry with regional or sectoral scope metadata.
DE,Germany,Saarland,Landesmedienanstalt Saarland,Media Authority of Saarland,"Directive 2001/83/EC on medicinal products for human use, Legal responsibility for enforcing the following Union law(s):",+49 681 389880,info@lmsaar.de,http://www.lmsaar.de,Nell-Breuning-Allee 6; 66115 Saarbrücken,,https://commission.europa.eu/live-work-travel-eu/consumer-rights-and-complaints/enforcement-consumer-protection/consumer-protection-cooperation-network/list-cpc-competent-authorities_en,https://ec.europa.eu/consumers/cpcn/cpc_ca.html,2026-04-23,Source lists this entry with regional or sectoral scope metadata.
DE,Germany,Saarland,"Ministerium für Soziales, Gesundheit, Frauen und Familie des Saarlandes","Ministry of Health, Social Affairs, Women and the Family","Directive 2001/83/EC on medicinal products for human use, Legal responsibility for enforcing the following Union law(s):",+49 681 501-3097,presse@soziales.saarland.de,https://www.saarland.de/msgff/DE/home/home_node.html,Franz-Josef-Röder-Straße 23; 66119 Saarbrücken,,https://commission.europa.eu/live-work-travel-eu/consumer-rights-and-complaints/enforcement-consumer-protection/consumer-protection-cooperation-network/list-cpc-competent-authorities_en,https://ec.europa.eu/consumers/cpcn/cpc_ca.html,2026-04-23,Source lists this entry with regional or sectoral scope metadata.
DE,Germany,Saarland,"Ministerium für Wirtschaft, Innovation, Digitales und Energie des Saarlandes","Ministry of Economy, EU Services Directive Department (Saarland)","Directive (EU) 2015/2302 on package travel and linked travel arrangements, Directive 1999/44/EC on the sale of consumer goods and associated guarantees, Directive 2000/31/EC on electronic commerce, Directive 2002/58/EC on privacy and electronic communications, Directive 2002/65/EC on distance marketing of consumer financial services, Directive 2005/29/EC on unfair commercial practices, Directive 2006/114/EC on misleading and comparative advertising, Directive 2008/48/EC on credit agreements for consumers, Directive 2011/83/EU on consumer rights, Directive 93/13/EEC on unfair terms in consumer contracts, Directive 98/6/EC on consumer protection in the indication of the prices of products, Legal responsibility for enforcing the following Union law(s):",+49 681 501 2621,imi@wirtschaft.saarland.de,,Franz-Josef-Röder-Straße 17; 66119 Saarbrücken,,https://commission.europa.eu/live-work-travel-eu/consumer-rights-and-complaints/enforcement-consumer-protection/consumer-protection-cooperation-network/list-cpc-competent-authorities_en,https://ec.europa.eu/consumers/cpcn/cpc_ca.html,2026-04-23,Source lists this entry with regional or sectoral scope metadata.
DE,Germany,Saarland,Staatskanzlei des Saarlandes,State Chancellery Saarland,"Directive 2010/13/EU on audiovisual media services, Legal responsibility for enforcing the following Union law(s):",+49 681 501 00,kontakt@staatskanzlei.saarland.de,,Am Ludwigsplatz 14; 66117 Saarbrücken,,https://commission.europa.eu/live-work-travel-eu/consumer-rights-and-complaints/enforcement-consumer-protection/consumer-protection-cooperation-network/list-cpc-competent-authorities_en,https://ec.europa.eu/consumers/cpcn/cpc_ca.html,2026-04-23,Source lists this entry with regional or sectoral scope metadata.
DE,Germany,Saxony,Sächsische Landesanstalt für privaten Rundfunk und neue Medien (SLM),Saxon State Media Authority,"Directive 2010/13/EU on audiovisual media services, Legal responsibility for enforcing the following Union law(s):",+49 341 22 59 0,info@slm-online.de,https://www.slm-online.de,Ferdinand-Lasalle-Straße 21; 04109 Leipzig,,https://commission.europa.eu/live-work-travel-eu/consumer-rights-and-complaints/enforcement-consumer-protection/consumer-protection-cooperation-network/list-cpc-competent-authorities_en,https://ec.europa.eu/consumers/cpcn/cpc_ca.html,2026-04-23,Source lists this entry with regional or sectoral scope metadata.
DE,Germany,Saxony,Sächsische Staatskanzlei,State Chancellery of Saxony,"Directive 2001/83/EC on medicinal products for human use, Legal responsibility for enforcing the following Union law(s):",+49 351 564 0,info@sk.sachsen.de,https://www.sk.sachsen.de/,Archivstraße 1; 01097 Dresden,,https://commission.europa.eu/live-work-travel-eu/consumer-rights-and-complaints/enforcement-consumer-protection/consumer-protection-cooperation-network/list-cpc-competent-authorities_en,https://ec.europa.eu/consumers/cpcn/cpc_ca.html,2026-04-23,Source lists this entry with regional or sectoral scope metadata.
DE,Germany,Saxony,Sächsisches Staatsministerium für Soziales und Gesellschaftlichen Zusammenhalt,SAXON STATE MINISTRY FOR SOCIAL AFFAIRS AND COHESION,"Directive 98/6/EC on consumer protection in the indication of the prices of products, Legal responsibility for enforcing the following Union law(s):",+49 351 564 0,poststelle@sms.sachsen.de,http://www.sms.sachsen.de,Albertstraße 10; 01097 Dresden,,https://commission.europa.eu/live-work-travel-eu/consumer-rights-and-complaints/enforcement-consumer-protection/consumer-protection-cooperation-network/list-cpc-competent-authorities_en,https://ec.europa.eu/consumers/cpcn/cpc_ca.html,2026-04-23,Source lists this entry with regional or sectoral scope metadata.
DE,Germany,Saxony-Anhalt,Medienanstalt Sachsen-Anhalt,Media-Authority Saxony-Anhalt,"Directive 2010/13/EU on audiovisual media services, Legal responsibility for enforcing the following Union law(s):",+49 345 5255,info@medienanstalt-sachsen-anhalt.de,https://medienanstalt-sachsen-anhalt.de/,Reichardtstraße 9; 06114 Halle (Saale),,https://commission.europa.eu/live-work-travel-eu/consumer-rights-and-complaints/enforcement-consumer-protection/consumer-protection-cooperation-network/list-cpc-competent-authorities_en,https://ec.europa.eu/consumers/cpcn/cpc_ca.html,2026-04-23,Source lists this entry with regional or sectoral scope metadata.
DE,Germany,Saxony-Anhalt,"Ministerium für Arbeit, Soziales, Gesundheit und Gleichstellung des Landes Sachsen-Anhalt",Ministry of Health (Saxony-Anhalt),"Directive 2001/83/EC on medicinal products for human use, Legal responsibility for enforcing the following Union law(s):",+49 391 56701,imi@ms.sachsen-anhalt.de,http://www.ms.sachsen-anhalt.de,Turmschanzenstr. 25; 39114 Magdeburg,,https://commission.europa.eu/live-work-travel-eu/consumer-rights-and-complaints/enforcement-consumer-protection/consumer-protection-cooperation-network/list-cpc-competent-authorities_en,https://ec.europa.eu/consumers/cpcn/cpc_ca.html,2026-04-23,Source lists this entry with regional or sectoral scope metadata.
DE,Germany,Saxony-Anhalt,"Ministerium für Wirtschaft, Wissenschaft und Digitalisierung Sachsen-Anhalt","Ministry of Economics, Science and Digitisation (Saxony-Anhalt )","Directive 98/6/EC on consumer protection in the indication of the prices of products, Legal responsibility for enforcing the following Union law(s):",+49 391 567 01,poststelle@mw.sachsen-anhalt.de,https://mw.sachsen-anhalt.de,Hasselbachstraße 4; 39104 Magdeburg,,https://commission.europa.eu/live-work-travel-eu/consumer-rights-and-complaints/enforcement-consumer-protection/consumer-protection-cooperation-network/list-cpc-competent-authorities_en,https://ec.europa.eu/consumers/cpcn/cpc_ca.html,2026-04-23,Source lists this entry with regional or sectoral scope metadata.
DE,Germany,Saxony-Anhalt,Staatskanzlei und Ministerium für Kultur des Landes Sachsen-Anhalt,State Chancellery and Ministry of Culture (Saxony-Anhalt),"Directive 2010/13/EU on audiovisual media services, Legal responsibility for enforcing the following Union law(s):",+49 391 567 6580,staatskanzlei@stk.sachsen-anhalt.de,https://stk.sachsen-anhalt.de/staatskanzlei-und-ministerium-fuer-kultur/,Hegelstraße 40 – 42; 39104 Magdeburg,,https://commission.europa.eu/live-work-travel-eu/consumer-rights-and-complaints/enforcement-consumer-protection/consumer-protection-cooperation-network/list-cpc-competent-authorities_en,https://ec.europa.eu/consumers/cpcn/cpc_ca.html,2026-04-23,Source lists this entry with regional or sectoral scope metadata.
DE,Germany,Schleswig-Holstein,"Landesamt für Soziale Dienste Schleswig-Holstein, Dezernat Gesundheitsberufe",Regional authority for health professions (Schleswig-Holstein),"Directive 2001/83/EC on medicinal products for human use, Legal responsibility for enforcing the following Union law(s):",+49 431 988 5572,info@lasd.landsh.de,https://www.schleswig-holstein.de/DE/Landesregierung/LASD/Aufgaben/Gesundheitsberufe/gesundheitsberufe_node.html,Adolf-Westphal-Str. 4; 24143 Kiel,,https://commission.europa.eu/live-work-travel-eu/consumer-rights-and-complaints/enforcement-consumer-protection/consumer-protection-cooperation-network/list-cpc-competent-authorities_en,https://ec.europa.eu/consumers/cpcn/cpc_ca.html,2026-04-23,Source lists this entry with regional or sectoral scope metadata.
DE,Germany,Schleswig-Holstein,Medienanstalt Hamburg / Schleswig-Holstein,Media Authority Hamburg / Schleswig-Holstein,"Directive 2010/13/EU on audiovisual media services, Legal responsibility for enforcing the following Union law(s):",+49 40 369005 0,info@ma-hsh.de,https://www.ma-hsh.de/,Rathausallee 72 - 76; 22846 Norderstedt,,https://commission.europa.eu/live-work-travel-eu/consumer-rights-and-complaints/enforcement-consumer-protection/consumer-protection-cooperation-network/list-cpc-competent-authorities_en,https://ec.europa.eu/consumers/cpcn/cpc_ca.html,2026-04-23,Source lists this entry with regional or sectoral scope metadata.
DE,Germany,Schleswig-Holstein,"Ministerium für Wirtschaft, Verkehr, Arbeit, Technologie und Tourismus des Landes Schleswig-Holstein",Ministry of Economic Affairs,"Directive 98/6/EC on consumer protection in the indication of the prices of products, Legal responsibility for enforcing the following Union law(s):",+49 431 988 0,poststelle@wimi.landsh.de,https://www.schleswigholstein.de/DE/Landesregierung/VII/Kontakt/kontakt_node.html,Düsternbrooker Weg 94; 24105 Kiel,,https://commission.europa.eu/live-work-travel-eu/consumer-rights-and-complaints/enforcement-consumer-protection/consumer-protection-cooperation-network/list-cpc-competent-authorities_en,https://ec.europa.eu/consumers/cpcn/cpc_ca.html,2026-04-23,Source lists this entry with regional or sectoral scope metadata.
DE,Germany,Schleswig-Holstein,Staatskanzlei Schleswig-Holstein,State Chancellery Schleswig-Holstein,"Directive 2010/13/EU on audiovisual media services, Legal responsibility for enforcing the following Union law(s):",+49 431 9880,Landesportal@stk.landsh.de,http://www.schleswig-holstein.de,Duesternbrooker Weg 104; 24105 Kiel,,https://commission.europa.eu/live-work-travel-eu/consumer-rights-and-complaints/enforcement-consumer-protection/consumer-protection-cooperation-network/list-cpc-competent-authorities_en,https://ec.europa.eu/consumers/cpcn/cpc_ca.html,2026-04-23,Source lists this entry with regional or sectoral scope metadata.
DE,Germany,Thuringia,Thüringer Landesamt für Verbraucherschutz,Competent authority in Thuringia for the administration of recognition and occupation permissions for veterinary surgeons (Thuringia),"Directive 2001/83/EC on medicinal products for human use, Legal responsibility for enforcing the following Union law(s):",+49 361 573815201,Tierschutz-TAM@tlv.thueringen.de,http://www.tlv-thueringen.de,Tennstedter Straße 8/9; 99947 Bad Langensalza,,https://commission.europa.eu/live-work-travel-eu/consumer-rights-and-complaints/enforcement-consumer-protection/consumer-protection-cooperation-network/list-cpc-competent-authorities_en,https://ec.europa.eu/consumers/cpcn/cpc_ca.html,2026-04-23,Source lists this entry with regional or sectoral scope metadata.
DE,Germany,Thuringia,Thüringer Landesmedienanstalt,Thuringian State Media Authority,"Directive 2010/13/EU on audiovisual media services, Legal responsibility for enforcing the following Union law(s):",0361-211770,mail@tlm.de,https://www.tlm.de,Steigerstraße 10; 99096 Erfurt,,https://commission.europa.eu/live-work-travel-eu/consumer-rights-and-complaints/enforcement-consumer-protection/consumer-protection-cooperation-network/list-cpc-competent-authorities_en,https://ec.europa.eu/consumers/cpcn/cpc_ca.html,2026-04-23,Source lists this entry with regional or sectoral scope metadata.
DE,Germany,Thuringia,"Thüringer Ministerium für Wirtschaft, Landwirtschaft und Ländlichen Raum","Ministry of Economics, Science and Digital Society (Thuringia)","Directive 98/6/EC on consumer protection in the indication of the prices of products, Legal responsibility for enforcing the following Union law(s):",+49 361 57 37 11 999,claudia.lindner@tmwllr.thueringen.de,,Max-Reger-Str. 4-8; 99096 Erfurt,,https://commission.europa.eu/live-work-travel-eu/consumer-rights-and-complaints/enforcement-consumer-protection/consumer-protection-cooperation-network/list-cpc-competent-authorities_en,https://ec.europa.eu/consumers/cpcn/cpc_ca.html,2026-04-23,Source lists this entry with regional or sectoral scope metadata.
DE,Germany,Thuringia,Thüringer Staatskanzlei,State Chancellery (Thuringia),"Directive 2010/13/EU on audiovisual media services, Legal responsibility for enforcing the following Union law(s):",+49 3613794761,IMI-Kulturgut@tsk.thueringen.de,,Werner-Seelenbinder-Straße 7; 99096 Erfurt,,https://commission.europa.eu/live-work-travel-eu/consumer-rights-and-complaints/enforcement-consumer-protection/consumer-protection-cooperation-network/list-cpc-competent-authorities_en,https://ec.europa.eu/consumers/cpcn/cpc_ca.html,2026-04-23,Source lists this entry with regional or sectoral scope metadata.
GR,Greece,,EΝΩΣΗ ΚΑΤΑΝΑΛΩΤΩΝ Η ΠΟΙΟΤΗΤΑ ΖΩΗΣ,CONSUMER ASSOCIATION OR QUALITY OF LIFE,,+30 2103304444,info@ekpizo.gr,,ΣΤΟΥΡΝΑΡΗ 17; 10683 ΑΘΗΝΑ,,https://commission.europa.eu/live-work-travel-eu/consumer-rights-and-complaints/enforcement-consumer-protection/consumer-protection-cooperation-network/list-cpc-competent-authorities_en,https://ec.europa.eu/consumers/cpcn/cpc_ca.html,2026-04-23,Official source row does not list a legal responsibility in this snapshot.
GR,Greece,,ΓΕΝΙΚΗ ΓΡΑΜΜΑΤΕΙΑ ΟΙΚΟΝΟΜΙΚΗΣ ΠΟΛΙΤΙΚΗΣ ΓΕΝΙΚΗ ΔΙΕΥΘΥΝΣΗ ΟΙΚΟΝΟΜΙΚΗΣ ΠΟΛΙΤΙΚΗΣ ΔΙΕΥΘΥΝΣΗ ΧΡΗΜΑΤΟΟΙΚΟΝΟΜΙΚΗΣ ΠΟΛΙΤΙΚΗΣ,DIRECTORATE GENERAL OF ECONOMIC POLICY DIRECTORATE OF FINANCIAL POLICY,"Directive 2014/92/EU on the comparability of fees related to payment accounts, Legal responsibility for enforcing the following Union law(s):",+30 2103332778,mcdf@mnec.gr,,ΝΙΚΗΣ 5-7; 10563 ΑΘΗΝΑ,,https://commission.europa.eu/live-work-travel-eu/consumer-rights-and-complaints/enforcement-consumer-protection/consumer-protection-cooperation-network/list-cpc-competent-authorities_en,https://ec.europa.eu/consumers/cpcn/cpc_ca.html,2026-04-23,
GR,Greece,,ΔΙΕΥΘΥΝΣΗ ΠΡΟΣΤΑΣΙΑΣ ΚΑΤΑΝΑΛΩΤΗ,DIRECTORATE FOR CONSUMER PROTECTION,"Directive 1999/44/EC on the sale of consumer goods and associated guarantees, Directive 2000/31/EC on electronic commerce, Directive 2002/65/EC on distance marketing of consumer financial services, Directive 2005/29/EC on unfair commercial practices, Directive 2006/114/EC on misleading and comparative advertising, Directive 2006/123/EC on services in the internal market, Directive 2008/122/EC on timeshare, long-term holiday product, resale and exchange contracts, Directive 2008/48/EC on credit agreements for consumers, Directive 2011/83/EU on consumer rights, Directive 2013/11/EU on consumer ADR, Directive 2014/17/EU on credit agreements for consumers for residential property, Directive 2014/92/EU on the comparability of fees related to payment accounts, Directive 93/13/EEC on unfair terms in consumer contracts, Legal responsibility for enforcing the following Union law(s):, Regulation (EU) 2017/1128 on cross-border portability of online content services, Regulation (EU) 2018/302 addressing unjustified geo-blocking, Regulation (EU) No 524/2013 on consumer ODR","+30 210 3893367, +30 210 3893546",1520@efpolis.gr,http://www.mindev.gov.gr,KANIGGOS SQ; 101081 ATHENS,,https://commission.europa.eu/live-work-travel-eu/consumer-rights-and-complaints/enforcement-consumer-protection/consumer-protection-cooperation-network/list-cpc-competent-authorities_en,https://ec.europa.eu/consumers/cpcn/cpc_ca.html,2026-04-23,
GR,Greece,,ΕΘΝΙΚΟ ΣΥΜΒΟΥΛΙΟ ΡΑΔΙΟΤΗΛΕΟΡΑΣΗΣ,NATIONAL BROADCASTING COUNCIL,"Directive 2010/13/EU on audiovisual media services, Legal responsibility for enforcing the following Union law(s):",+30 2131502390,ncrtv@otenet.gr,http://www.esr.gr,ΠΑΝΕΠΙΣΤΗΜΙΟΥ ΚΑΙ ΑΜΕΡΙΚΗΣ 5; 10564 ΑΘΗΝΑ,,https://commission.europa.eu/live-work-travel-eu/consumer-rights-and-complaints/enforcement-consumer-protection/consumer-protection-cooperation-network/list-cpc-competent-authorities_en,https://ec.europa.eu/consumers/cpcn/cpc_ca.html,2026-04-23,
GR,Greece,,ΕΝΩΣΗ ΕΡΓΑΖΟΜΕΝΩΝ ΚΑΤΑΝΑΛΩΤΩΝ ΕΛΛΑΔΟΣ,Union Of Working Consumers Of Greece,,+30 2108817730,info@eeke.gr,,ΙΟΥΛΙΑΝΟΥ 28; 10433 ΑΘΗΝΑ,,https://commission.europa.eu/live-work-travel-eu/consumer-rights-and-complaints/enforcement-consumer-protection/consumer-protection-cooperation-network/list-cpc-competent-authorities_en,https://ec.europa.eu/consumers/cpcn/cpc_ca.html,2026-04-23,Official source row does not list a legal responsibility in this snapshot.
GR,Greece,,Εθνικός Οργανισμός Φαρμάκων,ΕΟF,"Directive 2001/83/EC on medicinal products for human use, Legal responsibility for enforcing the following Union law(s):",+30 213 20 40 281,relation@eof.gr,http://www.eof.gr,284 Mesogeion Av.e; 155 62 Athens,,https://commission.europa.eu/live-work-travel-eu/consumer-rights-and-complaints/enforcement-consumer-protection/consumer-protection-cooperation-network/list-cpc-competent-authorities_en,https://ec.europa.eu/consumers/cpcn/cpc_ca.html,2026-04-23,
GR,Greece,,ΚΕΝΤΡΟ ΠΡΟΣΤΑΣΙΑΣ ΚΑΤΑΝΑΛΩΤΩΝ,Centre For Consumer Protection,,"+30 2310233333, +30 2310269449",consumers@kepka.org,,ΒΑΣ.ΗΡΑΚΛΕΙΟΥ 32; 54624 ΘΕΣΣΑΛΟΝΙΚΗ,,https://commission.europa.eu/live-work-travel-eu/consumer-rights-and-complaints/enforcement-consumer-protection/consumer-protection-cooperation-network/list-cpc-competent-authorities_en,https://ec.europa.eu/consumers/cpcn/cpc_ca.html,2026-04-23,Official source row does not list a legal responsibility in this snapshot.
GR,Greece,,ΤΡΑΠΕΖΑ ΤΗΣ ΕΛΛΑΔΟΣ,BANK OF GREECE,"Directive 2014/17/EU on credit agreements for consumers for residential property, Directive 2014/92/EU on the comparability of fees related to payment accounts, Legal responsibility for enforcing the following Union law(s):",+30 210 3201111,dep.bankingsupervision@bankofgreece.gr,https://www.bankofgreece.gr,EL. VENIZELOU 21; 10250 ATHENS,,https://commission.europa.eu/live-work-travel-eu/consumer-rights-and-complaints/enforcement-consumer-protection/consumer-protection-cooperation-network/list-cpc-competent-authorities_en,https://ec.europa.eu/consumers/cpcn/cpc_ca.html,2026-04-23,
GR,Greece,,ΥΠΗΡΕΣΙΑ ΠΟΛΙΤΙΚΗΣ ΑΕΡΟΠΟΡΙΑΣ,Civil Aviation Service,"Legal responsibility for enforcing the following Union law(s):, Regulation (EC) No 261/2004 on denied boarding and of cancellation or long delay of flights","+30 2109973162, +30 2109973156, +30 2109973163",d1d@hcaa.gr,,ΛΕΟΝΤΟΣ 4 ΚΑΙ ΕΛΕΥΘΕΡΙΑΣ; 16452 ΑΘΗΝΑ,,https://commission.europa.eu/live-work-travel-eu/consumer-rights-and-complaints/enforcement-consumer-protection/consumer-protection-cooperation-network/list-cpc-competent-authorities_en,https://ec.europa.eu/consumers/cpcn/cpc_ca.html,2026-04-23,
GR,Greece,,ΥΠΟΥΡΓΕΙΟ ΝΑΥΤΙΛΙΑΣ & ΝΗΣΙΩΤΙΚΗΣ ΠΟΛΙΤΙΚΗΣ/ΑΡΧΗΓΕΙΟ ΛΣ-ΕΛ.ΑΚΤ/ΔΘΣ,Ministry of Maritime Affairs and Insular Policy/Hellenic Coast Guard Headquarters/Directorate of Maritime Transportation/Dpt C,"Legal responsibility for enforcing the following Union law(s):, Regulation (EU) No 1177/2010 on passengers' rights when travelling by sea and inland waterway",+30 213 1371167,dths@hcg.gr,https://www.hcg.gr,ΑΚΤΗ ΒΑΣΙΛΕΙΑΔΗ ΠΥΛΗ Ε1-Ε2; 18510 ΠΕΙΡΑΙΑΣ,,https://commission.europa.eu/live-work-travel-eu/consumer-rights-and-complaints/enforcement-consumer-protection/consumer-protection-cooperation-network/list-cpc-competent-authorities_en,https://ec.europa.eu/consumers/cpcn/cpc_ca.html,2026-04-23,
GR,Greece,,Υπουργείο Τουρισμού,Ministry of Tourism,"Directive (EU) 2015/2302 on package travel and linked travel arrangements, Legal responsibility for enforcing the following Union law(s):","+30 210 3736340, 210 3736117, 210 3736346, 210 3736115, 210 3736089",mailbox@mintour.gr,http://www.mintour.gov.gr/,Λεωφόρος Αμαλίας 12; 10557 Αθήνα,,https://commission.europa.eu/live-work-travel-eu/consumer-rights-and-complaints/enforcement-consumer-protection/consumer-protection-cooperation-network/list-cpc-competent-authorities_en,https://ec.europa.eu/consumers/cpcn/cpc_ca.html,2026-04-23,
HU,Hungary,,Budapest Főváros Kormányhivatala (BFKH) - Fogyasztóvédelmi Főosztály,Consumer Protection Department of the Government Office of the Capital City Budapest (BFKH),"Directive (EU) 2015/2302 on package travel and linked travel arrangements, Directive 1999/44/EC on the sale of consumer goods and associated guarantees, Directive 2000/31/EC on electronic commerce, Directive 2001/83/EC on medicinal products for human use, Directive 2005/29/EC on unfair commercial practices, Directive 2006/114/EC on misleading and comparative advertising, Directive 2008/122/EC on timeshare, long-term holiday product, resale and exchange contracts, Directive 98/6/EC on consumer protection in the indication of the prices of products, Legal responsibility for enforcing the following Union law(s):, Regulation (EU) No 524/2013 on consumer ODR",+36 1 450 2598,fogyasztovedelem@bfkh.gov.hu,http://www.kormanyhivatal.hu/hu/budapest/szervezeti-egyseg/fogyasztovedelmi-foosztaly-2017,Sas utca 19.; 1051 Budapest,,https://commission.europa.eu/live-work-travel-eu/consumer-rights-and-complaints/enforcement-consumer-protection/consumer-protection-cooperation-network/list-cpc-competent-authorities_en,https://ec.europa.eu/consumers/cpcn/cpc_ca.html,2026-04-23,
HU,Hungary,,Gazdasági Versenyhivatal (GVH),Hungarian Competition Authority (GVH),"Directive 2005/29/EC on unfair commercial practices, Directive 2006/114/EC on misleading and comparative advertising, Legal responsibility for enforcing the following Union law(s):",+36 1 472 8900,ugyfelszolgalat@gvh.hu,http://www.gvh.hu,Riadó utca 5-11.; 1026 Budapest,,https://commission.europa.eu/live-work-travel-eu/consumer-rights-and-complaints/enforcement-consumer-protection/consumer-protection-cooperation-network/list-cpc-competent-authorities_en,https://ec.europa.eu/consumers/cpcn/cpc_ca.html,2026-04-23,
HU,Hungary,,Magyar Nemzeti Bank,Central Bank of Hungary (MNB),"Directive 2002/65/EC on distance marketing of consumer financial services, Directive 2005/29/EC on unfair commercial practices, Directive 2008/48/EC on credit agreements for consumers, Directive 2014/17/EU on credit agreements for consumers for residential property, Directive 2014/92/EU on the comparability of fees related to payment accounts, Directive 93/13/EEC on unfair terms in consumer contracts, Legal responsibility for enforcing the following Union law(s):",+36 1 428 2600,ugyfelszolgalat@mnb.hu,http://www.mnb.hu/,Szabadság tér 9.; 1054 Budapest,,https://commission.europa.eu/live-work-travel-eu/consumer-rights-and-complaints/enforcement-consumer-protection/consumer-protection-cooperation-network/list-cpc-competent-authorities_en,https://ec.europa.eu/consumers/cpcn/cpc_ca.html,2026-04-23,
HU,Hungary,,Nemzeti Kereskedelmi és Fogyasztóvédelmi Hatóság (NKFH),National Authority for Trade and Consumer Protection (NKFH),"Directive (EU) 2015/2302 on package travel and linked travel arrangements, Directive (EU) 2019/770 on contracts for the supply of digital content and digital services, Directive (EU) 2019/771 on contracts for the sale of goods, Directive 1999/44/EC on the sale of consumer goods and associated guarantees, Directive 2000/31/EC on electronic commerce, Directive 2001/83/EC on medicinal products for human use, Directive 2002/58/EC on privacy and electronic communications, Directive 2002/65/EC on distance marketing of consumer financial services, Directive 2005/29/EC on unfair commercial practices, Directive 2006/114/EC on misleading and comparative advertising, Directive 2006/123/EC on services in the internal market, Directive 2008/122/EC on timeshare, long-term holiday product, resale and exchange contracts, Directive 2008/48/EC on credit agreements for consumers, Directive 2010/13/EU on audiovisual media services, Directive 2011/83/EU on consumer rights, Directive 2013/11/EU on consumer ADR, Directive 2014/17/EU on credit agreements for consumers for residential property, Directive 2014/92/EU on the comparability of fees related to payment accounts, Directive 93/13/EEC on unfair terms in consumer contracts, Directive 98/6/EC on consumer protection in the indication of the prices of products, Regulation (EC) No 1008/2008 on common air services rules in the Community, Regulation (EC) No 1107/2006 on disabled persons' and persons with reduced mobility's rights when travelling by air, Regulation (EC) No 261/2004 on denied boarding and of cancellation or long delay of flights, Regulation (EU) 2017/1128 on cross-border portability of online content services, Regulation (EU) 2018/302 addressing unjustified geo-blocking, Regulation (EU) No 1177/2010 on passengers' rights when travelling by sea and inland waterway, Regulation (EU) No 181/2011 on passengers' rights in bus and coach transport, Regulation (EU) No 2021/782 on rail passengers' rights and obligations (repealing Regulation (EC) No 1371/2007), Regulation (EU) No 524/2013 on consumer ODR",+36 80 310020,ugyfelszolgalat@nkfh.gov.hu,https://nkfh.gov.hu,Városmajor utca 35.; 1122 Budapest,,https://commission.europa.eu/live-work-travel-eu/consumer-rights-and-complaints/enforcement-consumer-protection/consumer-protection-cooperation-network/list-cpc-competent-authorities_en,https://ec.europa.eu/consumers/cpcn/cpc_ca.html,2026-04-23,
HU,Hungary,,Nemzeti Média- és Hírközlési Hatóság (NMHH),National Media and Infocommunications Authority (NMHH),"Directive 2002/58/EC on privacy and electronic communications, Directive 2005/29/EC on unfair commercial practices, Directive 2010/13/EU on audiovisual media services, Legal responsibility for enforcing the following Union law(s):",+36 1 457 7908,info@nmhh.hu,http://nmhh.hu,Ostrom u. 23-25 / Visegrádi u. 106.; 1015 / 1033 Budapest,,https://commission.europa.eu/live-work-travel-eu/consumer-rights-and-complaints/enforcement-consumer-protection/consumer-protection-cooperation-network/list-cpc-competent-authorities_en,https://ec.europa.eu/consumers/cpcn/cpc_ca.html,2026-04-23,
HU,Hungary,,Pest Vármegyei Kormányhivatal,Government Office for Pest County (Budapest),"Legal responsibility for enforcing the following Union law(s):, Regulation (EU) 2017/1128 on cross-border portability of online content services",+36 1 485 6900,hivatal@pest.gov.hu,,Városház utca 7.; 1052 Budapest,,https://commission.europa.eu/live-work-travel-eu/consumer-rights-and-complaints/enforcement-consumer-protection/consumer-protection-cooperation-network/list-cpc-competent-authorities_en,https://ec.europa.eu/consumers/cpcn/cpc_ca.html,2026-04-23,
HU,Hungary,,Szabolcs-Szatmár-Bereg Vármegyei Kormányhivatal,Government Office for Szabolcs-Szatmar-Bereg County (Nyiregyhaza),"Directive 2005/29/EC on unfair commercial practices, Legal responsibility for enforcing the following Union law(s):",+36 42 599 301,hivatal@szabolcs.gov.hu,,Hősök tere 5.; 4400 Nyíregyháza,,https://commission.europa.eu/live-work-travel-eu/consumer-rights-and-complaints/enforcement-consumer-protection/consumer-protection-cooperation-network/list-cpc-competent-authorities_en,https://ec.europa.eu/consumers/cpcn/cpc_ca.html,2026-04-23,
HU,Hungary,,Szabályozott Tevékenységek Felügyeleti Hatósága (SZTFH),Supervisory Authority for Regulatory Affairs (SARA),,+36 1 550 2500,egyeztetes@sztfh.hu,http://www.sztfh.hu,Alkotás utca 50.; 1123 Budapest,,https://commission.europa.eu/live-work-travel-eu/consumer-rights-and-complaints/enforcement-consumer-protection/consumer-protection-cooperation-network/list-cpc-competent-authorities_en,https://ec.europa.eu/consumers/cpcn/cpc_ca.html,2026-04-23,Official source row does not list a legal responsibility in this snapshot.
HU,Hungary,,Építési és Közlekedési Minisztérium (ÉKM) - Vasúti Hatósági Főosztály,Ministry of Construction and Transport (ÉKM) – Railway Authority Department,"Legal responsibility for enforcing the following Union law(s):, Regulation (EU) No 2021/782 on rail passengers' rights and obligations (repealing Regulation (EC) No 1371/2007)",+36 30 247 7183,vasut.nsa@ekm.gov.hu,https://www.kozlekedesihatosag.kormany.hu/hu/web/vasuti-hatosagi-foosztaly,Váci út 188.; 1138 Budapest,,https://commission.europa.eu/live-work-travel-eu/consumer-rights-and-complaints/enforcement-consumer-protection/consumer-protection-cooperation-network/list-cpc-competent-authorities_en,https://ec.europa.eu/consumers/cpcn/cpc_ca.html,2026-04-23,
HU,Hungary,,Építési és Közlekedési Minisztérium (ÉKM) – Közúti Gépjármű-közlekedési Hatósági Főosztály,Ministry of Construction and Transport (ÉKM) – Road Transport Authority Department,"Legal responsibility for enforcing the following Union law(s):, Regulation (EU) No 181/2011 on passengers' rights in bus and coach transport",+36 1 477 1551,kghf@ekm.gov.hu,https://www.kozlekedesihatosag.kormany.hu,Váci út 188.; 1138 Budapest,,https://commission.europa.eu/live-work-travel-eu/consumer-rights-and-complaints/enforcement-consumer-protection/consumer-protection-cooperation-network/list-cpc-competent-authorities_en,https://ec.europa.eu/consumers/cpcn/cpc_ca.html,2026-04-23,
IE,Ireland,,"An Comisiún um Chosaint Sonraí, Data Protection Commission (DPC)",SA Ireland (Data Protection Commission (DPC)),"Directive 2002/58/EC on privacy and electronic communications, Legal responsibility for enforcing the following Union law(s):",+353 761 104 800,oss@dataprotection.ie,https://www.dataprotection.ie,6 Pembroke Row; D02 X963 Dublin 2,,https://commission.europa.eu/live-work-travel-eu/consumer-rights-and-complaints/enforcement-consumer-protection/consumer-protection-cooperation-network/list-cpc-competent-authorities_en,https://ec.europa.eu/consumers/cpcn/cpc_ca.html,2026-04-23,
IE,Ireland,,"An tÚdarás Rialála Táirgí Sláinte, Health Products Regulatory Authority",Health Products Regulatory Authority (HPRA),"Directive 2001/83/EC on medicinal products for human use, Legal responsibility for enforcing the following Union law(s):",+353 1 676 4971,info@hpra.ie,https://www.hpra.ie/,"Kevin O'Malley House, Earlsfort Centre, Earlsfort Terrace; D02XP77 Dublin",,https://commission.europa.eu/live-work-travel-eu/consumer-rights-and-complaints/enforcement-consumer-protection/consumer-protection-cooperation-network/list-cpc-competent-authorities_en,https://ec.europa.eu/consumers/cpcn/cpc_ca.html,2026-04-23,
IE,Ireland,,"Banc Ceannais na hÉireann, Central Bank of Ireland",Central Bank of Ireland,"Directive 2002/65/EC on distance marketing of consumer financial services, Directive 2008/48/EC on credit agreements for consumers, Directive 2014/17/EU on credit agreements for consumers for residential property, Directive 2014/92/EU on the comparability of fees related to payment accounts, Directive 93/13/EEC on unfair terms in consumer contracts, Legal responsibility for enforcing the following Union law(s):",+353 1 224 6000,enquiries@centralbank.ie,https://www.centralbank.ie/,"PO BOX 559, New Wrapping Street, North Wall Quay; D01 F7X3 Dublin 1",,https://commission.europa.eu/live-work-travel-eu/consumer-rights-and-complaints/enforcement-consumer-protection/consumer-protection-cooperation-network/list-cpc-competent-authorities_en,https://ec.europa.eu/consumers/cpcn/cpc_ca.html,2026-04-23,
IE,Ireland,,"Coimisiun um Rialail Cumarsaide, Commission for Communications Regulation",Commission for Communications Regulation,"Directive 2002/58/EC on privacy and electronic communications, Directive 2011/83/EU on consumer rights, Directive 93/13/EEC on unfair terms in consumer contracts, Legal responsibility for enforcing the following Union law(s):",+353 1 8049600,IMI_notifications@comreg.ie,http://www.comreg.ie,"Block DEF, Irish Life Centre; Lower Abbey Street Dublin 1",,https://commission.europa.eu/live-work-travel-eu/consumer-rights-and-complaints/enforcement-consumer-protection/consumer-protection-cooperation-network/list-cpc-competent-authorities_en,https://ec.europa.eu/consumers/cpcn/cpc_ca.html,2026-04-23,
IE,Ireland,,Coimisiún na Meán,Broadcasting Authority of Ireland,"Directive 2010/13/EU on audiovisual media services, Legal responsibility for enforcing the following Union law(s):",+353 1 6441200,info@cnam.ie,http://www.bai.ie,"1 Shelbourne Buildings, Shelbourne Road; D04 NP20 Dublin",,https://commission.europa.eu/live-work-travel-eu/consumer-rights-and-complaints/enforcement-consumer-protection/consumer-protection-cooperation-network/list-cpc-competent-authorities_en,https://ec.europa.eu/consumers/cpcn/cpc_ca.html,2026-04-23,
IE,Ireland,,"Irish Aviation Authority, Údaras Eitlíochta na hÉireann",Aviation Regulator,"Directive (EU) 2015/2302 on package travel and linked travel arrangements, Legal responsibility for enforcing the following Union law(s):, Regulation (EC) No 1008/2008 on common air services rules in the Community, Regulation (EC) No 1107/2006 on disabled persons' and persons with reduced mobility's rights when travelling by air, Regulation (EC) No 261/2004 on denied boarding and of cancellation or long delay of flights",+353 1 603 1100,consumeraffairs@iaa.ie,https://www.iaa.ie/,"The Times Building, 11-12 D'Olier Street; D02 T449 Dublin 2",,https://commission.europa.eu/live-work-travel-eu/consumer-rights-and-complaints/enforcement-consumer-protection/consumer-protection-cooperation-network/list-cpc-competent-authorities_en,https://ec.europa.eu/consumers/cpcn/cpc_ca.html,2026-04-23,
IE,Ireland,,"National Transport Authority, Údarás Náisiúnta Iompair",National Transport Authority (NTA),"Legal responsibility for enforcing the following Union law(s):, Regulation (EU) No 1177/2010 on passengers' rights when travelling by sea and inland waterway, Regulation (EU) No 181/2011 on passengers' rights in bus and coach transport, Regulation (EU) No 2021/782 on rail passengers' rights and obligations (repealing Regulation (EC) No 1371/2007)",+353 1 879 8300,info@nationaltransport.ie,https://www.nationaltransport.ie/,"Dún Scéine, Harcourt Lane; D02WT20 Dublin",,https://commission.europa.eu/live-work-travel-eu/consumer-rights-and-complaints/enforcement-consumer-protection/consumer-protection-cooperation-network/list-cpc-competent-authorities_en,https://ec.europa.eu/consumers/cpcn/cpc_ca.html,2026-04-23,
IT,Italy,,Agenzia Italiana del Farmaco (AIFA),Italian Medicines Agency (AIFA),"Directive 2001/83/EC on medicinal products for human use, Legal responsibility for enforcing the following Union law(s):",+39 06 5978401,protocollo@pec.aifa.gov.it,https://www.aifa.gov.it,Via del Tritone 181; 00187 Roma,,https://commission.europa.eu/live-work-travel-eu/consumer-rights-and-complaints/enforcement-consumer-protection/consumer-protection-cooperation-network/list-cpc-competent-authorities_en,https://ec.europa.eu/consumers/cpcn/cpc_ca.html,2026-04-23,
IT,Italy,,Altroconsumo,Consumer Association Altroconsumo,,+39 02 66890219,bianca.luongo@altroconsumo.it,http://www.altroconsumo.it,Viale Alberto e Piero Pirelli 10; 20126 Milano,,https://commission.europa.eu/live-work-travel-eu/consumer-rights-and-complaints/enforcement-consumer-protection/consumer-protection-cooperation-network/list-cpc-competent-authorities_en,https://ec.europa.eu/consumers/cpcn/cpc_ca.html,2026-04-23,Official source row does not list a legal responsibility in this snapshot.
IT,Italy,,Autorità Garante della Concorrenza e del Mercato,Italian Competition Authority,"Directive 2000/31/EC on electronic commerce, Directive 2005/29/EC on unfair commercial practices, Directive 2006/114/EC on misleading and comparative advertising, Directive 2006/123/EC on services in the internal market, Directive 2011/83/EU on consumer rights, Directive 2013/11/EU on consumer ADR, Directive 93/13/EEC on unfair terms in consumer contracts, Legal responsibility for enforcing the following Union law(s):, Regulation (EU) 2018/302 addressing unjustified geo-blocking, Regulation (EU) No 524/2013 on consumer ODR",+39 06 85821 411,diptc2@agcm.it,http://www.agcm.it,Piazza G. Verdi 6a; 00198 Roma,,https://commission.europa.eu/live-work-travel-eu/consumer-rights-and-complaints/enforcement-consumer-protection/consumer-protection-cooperation-network/list-cpc-competent-authorities_en,https://ec.europa.eu/consumers/cpcn/cpc_ca.html,2026-04-23,
IT,Italy,,Autorità di Regolazione dei Trasporti - ART,Autorità di Regolazione dei Trasporti - ART,"Legal responsibility for enforcing the following Union law(s):, Regulation (EU) No 1177/2010 on passengers' rights when travelling by sea and inland waterway, Regulation (EU) No 181/2011 on passengers' rights in bus and coach transport, Regulation (EU) No 2021/782 on rail passengers' rights and obligations (repealing Regulation (EC) No 1371/2007)",+39 011 19212503,segreteria@autorita-trasporti.it,https://www.autorita-trasporti.it/,Via Nizza 230; 10126 Torino,,https://commission.europa.eu/live-work-travel-eu/consumer-rights-and-complaints/enforcement-consumer-protection/consumer-protection-cooperation-network/list-cpc-competent-authorities_en,https://ec.europa.eu/consumers/cpcn/cpc_ca.html,2026-04-23,
IT,Italy,,Autorità per le Garanzie nelle Comunicazioni (AGCOM),Authority for Communications (AGCOM),"Directive 2000/31/EC on electronic commerce, Directive 2010/13/EU on audiovisual media services, Legal responsibility for enforcing the following Union law(s):, Regulation (EU) 2017/1128 on cross-border portability of online content services",+39 06 69644111,segreteria.dre@agcom.it,https://www.agcom.it/,Isonzo 21B; 00198 Roma,,https://commission.europa.eu/live-work-travel-eu/consumer-rights-and-complaints/enforcement-consumer-protection/consumer-protection-cooperation-network/list-cpc-competent-authorities_en,https://ec.europa.eu/consumers/cpcn/cpc_ca.html,2026-04-23,
IT,Italy,,Banca d’Italia,"Bank of Italy (National central bank, national supervisory and resolution authority)","Directive 2000/31/EC on electronic commerce, Directive 2002/65/EC on distance marketing of consumer financial services, Directive 2008/48/EC on credit agreements for consumers, Directive 2013/11/EU on consumer ADR, Directive 2014/17/EU on credit agreements for consumers for residential property, Directive 2014/92/EU on the comparability of fees related to payment accounts, Legal responsibility for enforcing the following Union law(s):",+39 0647921,email@bancaditalia.it,https://www.bancaditalia.it,Via Nazionale 91; 00184 Roma,,https://commission.europa.eu/live-work-travel-eu/consumer-rights-and-complaints/enforcement-consumer-protection/consumer-protection-cooperation-network/list-cpc-competent-authorities_en,https://ec.europa.eu/consumers/cpcn/cpc_ca.html,2026-04-23,
IT,Italy,,Centro per i Diritti del Cittadino (CODICI),Centre for the Citizen rights (CODICI),"Directive (EU) 2015/2302 on package travel and linked travel arrangements, Directive 1999/44/EC on the sale of consumer goods and associated guarantees, Directive 2000/31/EC on electronic commerce, Directive 2001/83/EC on medicinal products for human use, Directive 2002/58/EC on privacy and electronic communications, Directive 2002/65/EC on distance marketing of consumer financial services, Directive 2005/29/EC on unfair commercial practices, Directive 2006/114/EC on misleading and comparative advertising, Directive 2006/123/EC on services in the internal market, Directive 2008/122/EC on timeshare, long-term holiday product, resale and exchange contracts, Directive 2008/48/EC on credit agreements for consumers, Directive 2010/13/EU on audiovisual media services, Directive 2011/83/EU on consumer rights, Directive 2013/11/EU on consumer ADR, Directive 2014/17/EU on credit agreements for consumers for residential property, Directive 2014/92/EU on the comparability of fees related to payment accounts, Directive 93/13/EEC on unfair terms in consumer contracts, Directive 98/6/EC on consumer protection in the indication of the prices of products, Legal responsibility for enforcing the following Union law(s):, Regulation (EC) No 1008/2008 on common air services rules in the Community, Regulation (EC) No 1107/2006 on disabled persons' and persons with reduced mobility's rights when travelling by air, Regulation (EC) No 261/2004 on denied boarding and of cancellation or long delay of flights, Regulation (EU) 2017/1128 on cross-border portability of online content services, Regulation (EU) 2018/302 addressing unjustified geo-blocking, Regulation (EU) No 1177/2010 on passengers' rights when travelling by sea and inland waterway, Regulation (EU) No 181/2011 on passengers' rights in bus and coach transport, Regulation (EU) No 2021/782 on rail passengers' rights and obligations (repealing Regulation (EC) No 1371/2007), Regulation (EU) No 524/2013 on consumer ODR",+39 06 55 30 18 08,segreteria_nazionale@codici.org,https://codici.org/,Via Giuseppe Belluzzo 1; 00149 Roma,,https://commission.europa.eu/live-work-travel-eu/consumer-rights-and-complaints/enforcement-consumer-protection/consumer-protection-cooperation-network/list-cpc-competent-authorities_en,https://ec.europa.eu/consumers/cpcn/cpc_ca.html,2026-04-23,
IT,Italy,,Commissione Nazionale per le Società e la Borsa (CONSOB),National Commission for Companies and the Stock Exchange - Italian market supervisory authority (CONSOB),"Directive 2000/31/EC on electronic commerce, Directive 2002/65/EC on distance marketing of consumer financial services, Directive 2013/11/EU on consumer ADR, Legal responsibility for enforcing the following Union law(s):, Regulation (EU) No 524/2013 on consumer ODR",+39 06 84771,relazioni.internazionali@consob.it,http://www.consob.it,"Via G. B. Martini, 3; 00198 Rome",,https://commission.europa.eu/live-work-travel-eu/consumer-rights-and-complaints/enforcement-consumer-protection/consumer-protection-cooperation-network/list-cpc-competent-authorities_en,https://ec.europa.eu/consumers/cpcn/cpc_ca.html,2026-04-23,
IT,Italy,,Ente Nazionale per l'Aviazione Civile (ENAC),Italian Civil Aviation Authority (ENAC),"Legal responsibility for enforcing the following Union law(s):, Regulation (EC) No 261/2004 on denied boarding and of cancellation or long delay of flights, Regulation (EU) 2017/1128 on cross-border portability of online content services",+39 06445966348,cartadiritti@enac.gov.it,https://www.enac.gov.it/,Via Castro Pretorio 118; 00185 Rome,,https://commission.europa.eu/live-work-travel-eu/consumer-rights-and-complaints/enforcement-consumer-protection/consumer-protection-cooperation-network/list-cpc-competent-authorities_en,https://ec.europa.eu/consumers/cpcn/cpc_ca.html,2026-04-23,
IT,Italy,,Garante per la protezione dei dati personali (GPDP),SA Italy - Supervisor for the Protection of Personal Data (GPDP),"Directive 2002/58/EC on privacy and electronic communications, Legal responsibility for enforcing the following Union law(s):",+39 06696771,imi@gpdp.it,http://www.gpdp.it,Piazza Venezia 11; 00187 Roma,,https://commission.europa.eu/live-work-travel-eu/consumer-rights-and-complaints/enforcement-consumer-protection/consumer-protection-cooperation-network/list-cpc-competent-authorities_en,https://ec.europa.eu/consumers/cpcn/cpc_ca.html,2026-04-23,
IT,Italy,,Istituto per la Vigilanza sulle Assicurazioni (IVASS),Institute for the Supervision of Insurance (IVASS),"Directive (EU) 2015/2302 on package travel and linked travel arrangements, Directive 1999/44/EC on the sale of consumer goods and associated guarantees, Directive 2000/31/EC on electronic commerce, Directive 2002/65/EC on distance marketing of consumer financial services, Directive 2006/123/EC on services in the internal market, Directive 2013/11/EU on consumer ADR, Directive 93/13/EEC on unfair terms in consumer contracts, Legal responsibility for enforcing the following Union law(s):, Regulation (EU) No 524/2013 on consumer ODR",+39 06 421331,servizio.vigilanzacondottamercato@ivass.it,https://www.ivass.it/,"Via del Quirinale, 21; 00187 Rome",,https://commission.europa.eu/live-work-travel-eu/consumer-rights-and-complaints/enforcement-consumer-protection/consumer-protection-cooperation-network/list-cpc-competent-authorities_en,https://ec.europa.eu/consumers/cpcn/cpc_ca.html,2026-04-23,
IT,Italy,,Ministero del Turismo,Ministry of Tourism,Directive (EU) 2015/2302 on package travel and linked travel arrangements,+390667233872,professionituristiche@ministeroturismo.gov.it,https://www.turismo.beniculturali.it/,Via Marghera n.2; 00185 Roma,,https://commission.europa.eu/live-work-travel-eu/consumer-rights-and-complaints/enforcement-consumer-protection/consumer-protection-cooperation-network/list-cpc-competent-authorities_en,https://ec.europa.eu/consumers/cpcn/cpc_ca.html,2026-04-23,
IT,Italy,,Movimento Consumatori (MC),Consumer Movement (MC),,+39 06 4880053,info@movimentoconsumatori.it,https://www.movimentoconsumatori.it/,Piemonte 39/A; 00187 Roma,,https://commission.europa.eu/live-work-travel-eu/consumer-rights-and-complaints/enforcement-consumer-protection/consumer-protection-cooperation-network/list-cpc-competent-authorities_en,https://ec.europa.eu/consumers/cpcn/cpc_ca.html,2026-04-23,Official source row does not list a legal responsibility in this snapshot.
LV,Latvia,,Nacionālā elektronisko plašsaziņas līdzekļu padome (NEPLP),National Electronic Mass Media Council of Latvia (NEPLP),"Directive 2010/13/EU on audiovisual media services, Legal responsibility for enforcing the following Union law(s):",+371 67 221 848,neplpadome@neplpadome.lv,http://www.neplpadome.lv,Doma laukums 8A; LV-1939 Riga,,https://commission.europa.eu/live-work-travel-eu/consumer-rights-and-complaints/enforcement-consumer-protection/consumer-protection-cooperation-network/list-cpc-competent-authorities_en,https://ec.europa.eu/consumers/cpcn/cpc_ca.html,2026-04-23,
LV,Latvia,,Veselības inspekcija,Health Inspectorate,"Directive 2001/83/EC on medicinal products for human use, Directive 2005/29/EC on unfair commercial practices, Legal responsibility for enforcing the following Union law(s):",+371 27802823,vi@vi.gov.lv,http://www.vi.gov.lv,Klijānu iela 7; LV-1012 Rīga,,https://commission.europa.eu/live-work-travel-eu/consumer-rights-and-complaints/enforcement-consumer-protection/consumer-protection-cooperation-network/list-cpc-competent-authorities_en,https://ec.europa.eu/consumers/cpcn/cpc_ca.html,2026-04-23,
LT,Lithuania,,Aplinkos apsaugos agentūra,Environmental Protection Agency,"Directive (EU) 2019/771 on contracts for the sale of goods, Directive 2005/29/EC on unfair commercial practices, Directive 2006/123/EC on services in the internal market, Legal responsibility for enforcing the following Union law(s):",+370 5 266 2808,aaa@aaa.am.lt,www.aplinka.lt,A. Juozapavičiaus g. 9; LT-09311 Vilnius,,https://commission.europa.eu/live-work-travel-eu/consumer-rights-and-complaints/enforcement-consumer-protection/consumer-protection-cooperation-network/list-cpc-competent-authorities_en,https://ec.europa.eu/consumers/cpcn/cpc_ca.html,2026-04-23,
LT,Lithuania,,Lietuvos Metrologijos inspekcija (LMI),Lithuanian Metrology Inspectorate (LMI),"Directive (EU) 2019/771 on contracts for the sale of goods, Directive 2005/29/EC on unfair commercial practices, Directive 2006/123/EC on services in the internal market, Directive 2011/83/EU on consumer rights, Directive 2013/11/EU on consumer ADR, Directive 98/6/EC on consumer protection in the indication of the prices of products, Legal responsibility for enforcing the following Union law(s):",+370 52312957,metrinsp@metrinsp.lt,http://www.metrinsp.lt/2/,Tilto g. 17 / Radvilų g. 4; 01101 Vilnius,,https://commission.europa.eu/live-work-travel-eu/consumer-rights-and-complaints/enforcement-consumer-protection/consumer-protection-cooperation-network/list-cpc-competent-authorities_en,https://ec.europa.eu/consumers/cpcn/cpc_ca.html,2026-04-23,
LT,Lithuania,,Lietuvos Respublikos ryšių reguliavimo tarnyba,Communications Regulatory Authority (RRT),"Directive (EU) 2019/770 on contracts for the supply of digital content and digital services, Directive (EU) 2019/771 on contracts for the sale of goods, Directive 2000/31/EC on electronic commerce, Directive 2002/58/EC on privacy and electronic communications, Directive 2005/29/EC on unfair commercial practices, Directive 2010/13/EU on audiovisual media services, Directive 2011/83/EU on consumer rights, Directive 2013/11/EU on consumer ADR, Directive 93/13/EEC on unfair terms in consumer contracts, Legal responsibility for enforcing the following Union law(s):, Regulation (EU) 2017/1128 on cross-border portability of online content services, Regulation (EU) 2018/302 addressing unjustified geo-blocking",+370 52105633,rrt@rrt.lt,http://rrt.lt/en/about_rrt.html,Mortos g. 14; LT-03219 Vilnius,,https://commission.europa.eu/live-work-travel-eu/consumer-rights-and-complaints/enforcement-consumer-protection/consumer-protection-cooperation-network/list-cpc-competent-authorities_en,https://ec.europa.eu/consumers/cpcn/cpc_ca.html,2026-04-23,
LT,Lithuania,,Lietuvos bankas,Bank of Lithuania,"Directive 2002/65/EC on distance marketing of consumer financial services, Directive 2008/48/EC on credit agreements for consumers, Directive 2014/17/EU on credit agreements for consumers for residential property, Directive 2014/92/EU on the comparability of fees related to payment accounts, Legal responsibility for enforcing the following Union law(s):",+370 5 268 0029,info@lb.lt,https://www.lb.lt/,Gedimino pr. 6; 01103 Vilnius,,https://commission.europa.eu/live-work-travel-eu/consumer-rights-and-complaints/enforcement-consumer-protection/consumer-protection-cooperation-network/list-cpc-competent-authorities_en,https://ec.europa.eu/consumers/cpcn/cpc_ca.html,2026-04-23,
LT,Lithuania,,Lietuvos kosmetikos ir buitinės chemijos gamintojų asociacija „LIKOCHEMA“,Lithuanian cosmetics and household chemicals producers association „LIKOCHEMA“,,+370 687 58098,info@likochema.lt,https://likochema.lt/lt/,"J. Jasinskio 10, BC12; LT-01112 Vilnius",,https://commission.europa.eu/live-work-travel-eu/consumer-rights-and-complaints/enforcement-consumer-protection/consumer-protection-cooperation-network/list-cpc-competent-authorities_en,https://ec.europa.eu/consumers/cpcn/cpc_ca.html,2026-04-23,Official source row does not list a legal responsibility in this snapshot.
LT,Lithuania,,Lietuvos nacionalinė vartotojų federacija,Lithuanian national consumer federation,,+370 686 25661,federacija@vartotojai.eu,http://www.vartotojuskundai.lt/,Kalvarijų 20-2; LT-01131 Vilnius,,https://commission.europa.eu/live-work-travel-eu/consumer-rights-and-complaints/enforcement-consumer-protection/consumer-protection-cooperation-network/list-cpc-competent-authorities_en,https://ec.europa.eu/consumers/cpcn/cpc_ca.html,2026-04-23,Official source row does not list a legal responsibility in this snapshot.
LT,Lithuania,,Lietuvos radijo ir televizijos komisija,The Radio and Television Commission of Lithuania,"Directive 2010/13/EU on audiovisual media services, Legal responsibility for enforcing the following Union law(s):",+370 5 233 0660,lrtk@rtk.lt,https://www.rtk.lt/,Šeimyniškių g. 3A; LT-09312 Vilnius,,https://commission.europa.eu/live-work-travel-eu/consumer-rights-and-complaints/enforcement-consumer-protection/consumer-protection-cooperation-network/list-cpc-competent-authorities_en,https://ec.europa.eu/consumers/cpcn/cpc_ca.html,2026-04-23,
LT,Lithuania,,Lietuvos transporto saugos administracija,State Road Transport Inspectorate (under the Ministry of Transport and Communications),"Legal responsibility for enforcing the following Union law(s):, Regulation (EC) No 1008/2008 on common air services rules in the Community, Regulation (EC) No 1107/2006 on disabled persons' and persons with reduced mobility's rights when travelling by air, Regulation (EC) No 261/2004 on denied boarding and of cancellation or long delay of flights, Regulation (EU) No 1177/2010 on passengers' rights when travelling by sea and inland waterway, Regulation (EU) No 181/2011 on passengers' rights in bus and coach transport",+370 5 278 5601,ltsa@ltsa.lt,https://ltsa.lrv.lt/,Švitrigailos g. 42; LT-03209 Vilnius,,https://commission.europa.eu/live-work-travel-eu/consumer-rights-and-complaints/enforcement-consumer-protection/consumer-protection-cooperation-network/list-cpc-competent-authorities_en,https://ec.europa.eu/consumers/cpcn/cpc_ca.html,2026-04-23,
LT,Lithuania,,Lietuvos vartotojų organizacijų aljansas,The Alliance of Lithuanian Consumer Organizations,,+370 611 35509,info@lvoa.lt,http://www.lvoa.lt/,Parko g. 3-7; 11203 Vilnius,,https://commission.europa.eu/live-work-travel-eu/consumer-rights-and-complaints/enforcement-consumer-protection/consumer-protection-cooperation-network/list-cpc-competent-authorities_en,https://ec.europa.eu/consumers/cpcn/cpc_ca.html,2026-04-23,Official source row does not list a legal responsibility in this snapshot.
LT,Lithuania,,"Narkotikų, tabako ir alkoholio kontrolės departamentas","Drug, Tobacco and Alcohol Control Department","Directive 2005/29/EC on unfair commercial practices, Directive 2006/114/EC on misleading and comparative advertising, Directive 2006/123/EC on services in the internal market, Directive 2011/83/EU on consumer rights, Directive 98/6/EC on consumer protection in the indication of the prices of products, Legal responsibility for enforcing the following Union law(s):",+370 5 2668091,jolita.ignataviciene@ntakd.lt,http://www.ntakd.lt,Šv. Stepono g. 27A; LT-01312 VILNIUS,,https://commission.europa.eu/live-work-travel-eu/consumer-rights-and-complaints/enforcement-consumer-protection/consumer-protection-cooperation-network/list-cpc-competent-authorities_en,https://ec.europa.eu/consumers/cpcn/cpc_ca.html,2026-04-23,
LT,Lithuania,,Policijos departamentas prie Vidaus reikalų ministerijos,Police department under the Ministry of the Interior,"Directive (EU) 2019/771 on contracts for the sale of goods, Directive 2005/29/EC on unfair commercial practices, Directive 2008/48/EC on credit agreements for consumers, Directive 93/13/EEC on unfair terms in consumer contracts, Legal responsibility for enforcing the following Union law(s):",+370 700 60000,leidimai.pd@policija.lt,https://policija.lrv.lt/,Saltoniškių g. 19; LT-08105 Vilnius,,https://commission.europa.eu/live-work-travel-eu/consumer-rights-and-complaints/enforcement-consumer-protection/consumer-protection-cooperation-network/list-cpc-competent-authorities_en,https://ec.europa.eu/consumers/cpcn/cpc_ca.html,2026-04-23,
LT,Lithuania,,Valstybinė akreditavimo sveikatos priežiūros veiklai tarnyba (DIMIC),State Health Care Accreditation Agency - Delegated IMI Coordinator,"Directive 2001/83/EC on medicinal products for human use, Directive 2006/123/EC on services in the internal market, Directive 93/13/EEC on unfair terms in consumer contracts, Legal responsibility for enforcing the following Union law(s):",+370 52615177,vaspvt@vaspvt.gov.lt,http://www.vaspvt.gov.lt,A. Juozapavičiaus g. 9; LT-09311 Vilnius,,https://commission.europa.eu/live-work-travel-eu/consumer-rights-and-complaints/enforcement-consumer-protection/consumer-protection-cooperation-network/list-cpc-competent-authorities_en,https://ec.europa.eu/consumers/cpcn/cpc_ca.html,2026-04-23,
LT,Lithuania,,Valstybinė darbo inspekcija,State Labour Inspectorate,"Directive 2005/29/EC on unfair commercial practices, Directive 2006/123/EC on services in the internal market, Directive 2013/11/EU on consumer ADR, Directive 93/13/EEC on unfair terms in consumer contracts, Legal responsibility for enforcing the following Union law(s):, Regulation (EU) No 524/2013 on consumer ODR",+370 5 265 0193,info@vdi.lt,http://www.vdi.lt,Algirdo g. 19 Vilnius Lietuva tel. 8-5-2139768 mob. 8-620-77447 fax. 8-5-2139768; LT-03607 Vilnius,,https://commission.europa.eu/live-work-travel-eu/consumer-rights-and-complaints/enforcement-consumer-protection/consumer-protection-cooperation-network/list-cpc-competent-authorities_en,https://ec.europa.eu/consumers/cpcn/cpc_ca.html,2026-04-23,
LT,Lithuania,,Valstybinė energetikos reguliavimo taryba,State Energy Inspectorate,"Directive 2005/29/EC on unfair commercial practices, Directive 2006/123/EC on services in the internal market, Directive 2011/83/EU on consumer rights, Directive 2014/92/EU on the comparability of fees related to payment accounts, Directive 93/13/EEC on unfair terms in consumer contracts, Directive 98/6/EC on consumer protection in the indication of the prices of products, Legal responsibility for enforcing the following Union law(s):",+370 5 263 6006,info@vert.lt,https://www.regula.lt,Verkių g. 25C-1; LT-08223 Vilnius,,https://commission.europa.eu/live-work-travel-eu/consumer-rights-and-complaints/enforcement-consumer-protection/consumer-protection-cooperation-network/list-cpc-competent-authorities_en,https://ec.europa.eu/consumers/cpcn/cpc_ca.html,2026-04-23,
LT,Lithuania,,Valstybinė mokesčių inspekcija,State Tax Inspectorate,"Directive 2005/29/EC on unfair commercial practices, Directive 2008/48/EC on credit agreements for consumers, Directive 2011/83/EU on consumer rights, Directive 2013/11/EU on consumer ADR, Directive 2014/92/EU on the comparability of fees related to payment accounts, Directive 98/6/EC on consumer protection in the indication of the prices of products, Legal responsibility for enforcing the following Union law(s):",+370 5 266 8200,vmi@vmi.lt,https://www.vmi.lt,Šermukšnių g. 4; 01106 Vilnius,,https://commission.europa.eu/live-work-travel-eu/consumer-rights-and-complaints/enforcement-consumer-protection/consumer-protection-cooperation-network/list-cpc-competent-authorities_en,https://ec.europa.eu/consumers/cpcn/cpc_ca.html,2026-04-23,
LT,Lithuania,,Valstybinė vaistų kontrolės tarnyba prie Lietuvos Respublikos sveikatos apsaugos ministerijos,State Medicines Control Agency,"Directive 2001/83/EC on medicinal products for human use, Legal responsibility for enforcing the following Union law(s):",+370 5 263 92 64,vvkt@vvkt.lt,https://www.vvkt.lt/,Studentų g.45A; LT-08107 Vilnius,,https://commission.europa.eu/live-work-travel-eu/consumer-rights-and-complaints/enforcement-consumer-protection/consumer-protection-cooperation-network/list-cpc-competent-authorities_en,https://ec.europa.eu/consumers/cpcn/cpc_ca.html,2026-04-23,
LT,Lithuania,,Valstybės skaitmeninių sprendimų agentūra,Information Society Development Committee under the Ministry of Transport and Communications,"Directive 2000/31/EC on electronic commerce, Legal responsibility for enforcing the following Union law(s):",+37068583595,info@vssa.lt,https://vssa.lrv.lt/lt/,Konstitucijos av.15-89; LT-09319 Vilnius,,https://commission.europa.eu/live-work-travel-eu/consumer-rights-and-complaints/enforcement-consumer-protection/consumer-protection-cooperation-network/list-cpc-competent-authorities_en,https://ec.europa.eu/consumers/cpcn/cpc_ca.html,2026-04-23,
LU,Luxembourg,,Commission de surveillance du secteur financier,Supervisory authority of the Luxembourg financial sector,"Directive 2000/31/EC on electronic commerce, Directive 2002/65/EC on distance marketing of consumer financial services, Directive 2005/29/EC on unfair commercial practices, Directive 2006/114/EC on misleading and comparative advertising, Directive 2008/48/EC on credit agreements for consumers, Directive 2011/83/EU on consumer rights, Directive 2013/11/EU on consumer ADR, Directive 2014/17/EU on credit agreements for consumers for residential property, Directive 2014/92/EU on the comparability of fees related to payment accounts, Directive 93/13/EEC on unfair terms in consumer contracts, Legal responsibility for enforcing the following Union law(s):, Regulation (EU) No 524/2013 on consumer ODR",+352 26 25 1 1,direction@cssf.lu,https://www.cssf.lu,"283, route d'Arlon; L-1150 Luxembourg",,https://commission.europa.eu/live-work-travel-eu/consumer-rights-and-complaints/enforcement-consumer-protection/consumer-protection-cooperation-network/list-cpc-competent-authorities_en,https://ec.europa.eu/consumers/cpcn/cpc_ca.html,2026-04-23,
LU,Luxembourg,,"Commission nationale pour la protection des données Grand-Duché de Luxembourg (CNPD), Nationale Kommission für Datenschutz Großherzogtum Luxemburg (CNPD)",SA Luxembourg (National Commission for Data Protection (CNPD )),"Directive 2002/58/EC on privacy and electronic communications, Legal responsibility for enforcing the following Union law(s):",+352 26 10 60 1,cooperation@cnpd.lu,http://www.cnpd.lu,"15, Boulevard du Jazz; L-4370 Belvaux",,https://commission.europa.eu/live-work-travel-eu/consumer-rights-and-complaints/enforcement-consumer-protection/consumer-protection-cooperation-network/list-cpc-competent-authorities_en,https://ec.europa.eu/consumers/cpcn/cpc_ca.html,2026-04-23,
LU,Luxembourg,,Union luxembourgeoise des consommateurs nouvelle A.S.B.L.,Consumers Association Luxembourg,,+352 49 60 22 1,info@ulc.lu,https://www.ulc.lu/fr/,"55, rue des Bruyères; L-1274 Howald",,https://commission.europa.eu/live-work-travel-eu/consumer-rights-and-complaints/enforcement-consumer-protection/consumer-protection-cooperation-network/list-cpc-competent-authorities_en,https://ec.europa.eu/consumers/cpcn/cpc_ca.html,2026-04-23,Official source row does not list a legal responsibility in this snapshot.
MT,Malta,,"Association for Consumer Rights (Malta), Assocjazzjoni ghad-drittijiet tal-Konsumatur Malta",Association for Consumer Rights (Malta),,+356 21389387,associationforconsumerrights@gmail.com,http://www.acrmalta.com,"Flat 4, c/o Pope Pius XII Flats, Mountbatten Street, Blata l-Bajda; HMR 1579 Hamrun",,https://commission.europa.eu/live-work-travel-eu/consumer-rights-and-complaints/enforcement-consumer-protection/consumer-protection-cooperation-network/list-cpc-competent-authorities_en,https://ec.europa.eu/consumers/cpcn/cpc_ca.html,2026-04-23,Official source row does not list a legal responsibility in this snapshot.
MT,Malta,,"Awtorita' ta' Malta dwar il-Komunikazzjoni, Malta Communications Authority",Malta Communications Authority,"Directive 2000/31/EC on electronic commerce, Legal responsibility for enforcing the following Union law(s):, Regulation (EU) 2017/1128 on cross-border portability of online content services, Regulation (EU) 2018/302 addressing unjustified geo-blocking",+356 21336840,mimic@mca.org.mt,http://www.mca.org.mt,"Valletta Waterfront, Xatt ta' Pinto; FRN 1913 Floriana",,https://commission.europa.eu/live-work-travel-eu/consumer-rights-and-complaints/enforcement-consumer-protection/consumer-protection-cooperation-network/list-cpc-competent-authorities_en,https://ec.europa.eu/consumers/cpcn/cpc_ca.html,2026-04-23,
MT,Malta,,"Awtorità dwar il-Mediċini, Malta Medicines Authority",Malta Medicines Authority,"Directive 2001/83/EC on medicinal products for human use, Legal responsibility for enforcing the following Union law(s):",+356 2343 9000,info.medicinesauthority@gov.mt,http://www.medicinesauthority.gov.mt,"Sir Temi Żammit Buildings, Malta Life Sciences Park; Postcode* SĠN 3000 Town* San Ġwann",,https://commission.europa.eu/live-work-travel-eu/consumer-rights-and-complaints/enforcement-consumer-protection/consumer-protection-cooperation-network/list-cpc-competent-authorities_en,https://ec.europa.eu/consumers/cpcn/cpc_ca.html,2026-04-23,
MT,Malta,,"Consumer Affairs Council, Kunsill għall-Affarijiet tal-Konsumatur",CAC (abbreviation for Consumer Affairs Council),"Directive 2013/11/EU on consumer ADR, Legal responsibility for enforcing the following Union law(s):",+356 23952751,cacouncil@gov.mt,http://www.consumeraffairscouncil.gov.mt,"Mizzi House, National Road, Blata l-Bajda; HMR 9010 Blata l-Bajda",,https://commission.europa.eu/live-work-travel-eu/consumer-rights-and-complaints/enforcement-consumer-protection/consumer-protection-cooperation-network/list-cpc-competent-authorities_en,https://ec.europa.eu/consumers/cpcn/cpc_ca.html,2026-04-23,
MT,Malta,,"L-Awtorità Maltija tat-Turiżmu, Malta Tourism Authority",MTA - Malta Tourism Authority,"Directive (EU) 2015/2302 on package travel and linked travel arrangements, Directive 2008/122/EC on timeshare, long-term holiday product, resale and exchange contracts, Legal responsibility for enforcing the following Union law(s):",+356 21224444,info@visitmalta.com,http://www.visitmalta.com,"Auberge D'Italie, Merchants Street; VLT 1170 Valletta",,https://commission.europa.eu/live-work-travel-eu/consumer-rights-and-complaints/enforcement-consumer-protection/consumer-protection-cooperation-network/list-cpc-competent-authorities_en,https://ec.europa.eu/consumers/cpcn/cpc_ca.html,2026-04-23,
MT,Malta,,"L-Awtorità tax-Xandir , Malta Broadcasting Authority",Malta Broadcasting Authority,"Directive 2010/13/EU on audiovisual media services, Legal responsibility for enforcing the following Union law(s):",+356 22016000,info.ba@ba.org.mt,http://www.ba-malta.org/,"7, Mile End Road; HMR 1719 Hamrun",,https://commission.europa.eu/live-work-travel-eu/consumer-rights-and-complaints/enforcement-consumer-protection/consumer-protection-cooperation-network/list-cpc-competent-authorities_en,https://ec.europa.eu/consumers/cpcn/cpc_ca.html,2026-04-23,
MT,Malta,,"Malta Financial Services Authority, Malta Financial Services Authority",Malta Financial Services Authority,"Directive 2002/65/EC on distance marketing of consumer financial services, Directive 2014/17/EU on credit agreements for consumers for residential property, Directive 2014/92/EU on the comparability of fees related to payment accounts, Legal responsibility for enforcing the following Union law(s):",+356 214441155,communications@mfsa.mt,http://www.mfsa.mt,Triq l-Imdina Zone 1 Central Business; CBD 1010 Birkirkara,,https://commission.europa.eu/live-work-travel-eu/consumer-rights-and-complaints/enforcement-consumer-protection/consumer-protection-cooperation-network/list-cpc-competent-authorities_en,https://ec.europa.eu/consumers/cpcn/cpc_ca.html,2026-04-23,
MT,Malta,,Office of the Information and Data Protection Commissioner,SA Malta (Office of the Information and Data Protection Commissioner),"Directive 2002/58/EC on privacy and electronic communications, Legal responsibility for enforcing the following Union law(s):",+356 2328 7100,idpc.edpb-imi@idpc.org.mt,https://idpc.org.mt,"Airways House, High Street; SLM 1549 Sliema",,https://commission.europa.eu/live-work-travel-eu/consumer-rights-and-complaints/enforcement-consumer-protection/consumer-protection-cooperation-network/list-cpc-competent-authorities_en,https://ec.europa.eu/consumers/cpcn/cpc_ca.html,2026-04-23,
NL,Netherlands,,Inspectie Gezondheidszorg en Jeugd (IGJ) - (voorheen Inspectie voor de Gezondheidszorg (IGZ)),Health Care Inspectorate,"Directive 2001/83/EC on medicinal products for human use, Legal responsibility for enforcing the following Union law(s):",+31 88 1205000,meldpunt@igj.nl,http://www.igj.nl,Postbus 2518; 6401 DA Heerlen,,https://commission.europa.eu/live-work-travel-eu/consumer-rights-and-complaints/enforcement-consumer-protection/consumer-protection-cooperation-network/list-cpc-competent-authorities_en,https://ec.europa.eu/consumers/cpcn/cpc_ca.html,2026-04-23,
NL,Netherlands,,Inspectie Leefomgeving en Transport (ILT),Inspectorate for Environment and Transport (ILT/Rail and Road Transport),"Legal responsibility for enforcing the following Union law(s):, Regulation (EC) No 1008/2008 on common air services rules in the Community, Regulation (EC) No 1107/2006 on disabled persons' and persons with reduced mobility's rights when travelling by air, Regulation (EC) No 261/2004 on denied boarding and of cancellation or long delay of flights, Regulation (EU) No 1177/2010 on passengers' rights when travelling by sea and inland waterway, Regulation (EU) No 181/2011 on passengers' rights in bus and coach transport, Regulation (EU) No 2021/782 on rail passengers' rights and obligations (repealing Regulation (EC) No 1371/2007)",+31 88 489 00 00,passenger-rights@ilent.nl,http://www.ilent.nl,Postbus 16191; 2500 BD Den Haag,,https://commission.europa.eu/live-work-travel-eu/consumer-rights-and-complaints/enforcement-consumer-protection/consumer-protection-cooperation-network/list-cpc-competent-authorities_en,https://ec.europa.eu/consumers/cpcn/cpc_ca.html,2026-04-23,
NL,Netherlands,,Nederlandse Voedsel- en Warenautoriteit (NVWA),Netherlands Food and Consumer Product Safety Authority (NVWA),"Directive 2010/13/EU on audiovisual media services, Legal responsibility for enforcing the following Union law(s):",0031882232233,dtalert@nvwa.nl,https://NVWA.nl,Catharijnesingel 59; 3511GG Utrecht,,https://commission.europa.eu/live-work-travel-eu/consumer-rights-and-complaints/enforcement-consumer-protection/consumer-protection-cooperation-network/list-cpc-competent-authorities_en,https://ec.europa.eu/consumers/cpcn/cpc_ca.html,2026-04-23,
NL,Netherlands,,Stichting Autoriteit Financiële Markten,Netherlands Authority for the Financial Markets,"Directive (EU) 2015/2302 on package travel and linked travel arrangements, Directive 1999/44/EC on the sale of consumer goods and associated guarantees, Directive 2000/31/EC on electronic commerce, Directive 2002/58/EC on privacy and electronic communications, Directive 2002/65/EC on distance marketing of consumer financial services, Directive 2005/29/EC on unfair commercial practices, Directive 2006/114/EC on misleading and comparative advertising, Directive 2006/123/EC on services in the internal market, Directive 2008/122/EC on timeshare, long-term holiday product, resale and exchange contracts, Directive 2008/48/EC on credit agreements for consumers, Directive 2011/83/EU on consumer rights, Directive 2013/11/EU on consumer ADR, Directive 2014/17/EU on credit agreements for consumers for residential property, Directive 2014/92/EU on the comparability of fees related to payment accounts, Directive 93/13/EEC on unfair terms in consumer contracts, Directive 98/6/EC on consumer protection in the indication of the prices of products, Legal responsibility for enforcing the following Union law(s):, Regulation (EC) No 1008/2008 on common air services rules in the Community, Regulation (EU) 2017/1128 on cross-border portability of online content services, Regulation (EU) 2018/302 addressing unjustified geo-blocking, Regulation (EU) No 524/2013 on consumer ODR",+31 20 797 2000,signalen@afm.nl,https://www.afm.nl,Postbus 11723; 1001GS Amsterdam,,https://commission.europa.eu/live-work-travel-eu/consumer-rights-and-complaints/enforcement-consumer-protection/consumer-protection-cooperation-network/list-cpc-competent-authorities_en,https://ec.europa.eu/consumers/cpcn/cpc_ca.html,2026-04-23,
PT,Portugal,,ACOP – Associação de Consumidores de Portugal,Portuguese Consumers Association,,+351 239 404 733,acopgeral@sapo.pt,https://www.acop.com.pt,"Rua do Brasil, 4; 3030-775 Coimbra",,https://commission.europa.eu/live-work-travel-eu/consumer-rights-and-complaints/enforcement-consumer-protection/consumer-protection-cooperation-network/list-cpc-competent-authorities_en,https://ec.europa.eu/consumers/cpcn/cpc_ca.html,2026-04-23,Official source row does not list a legal responsibility in this snapshot.
PT,Portugal,,ACP - Automóvel Club de Portugal,Automobile Club of Portugal (ACP),,808 22 22 22,apoio.socio@acp.pt,https://www.acp.pt,"Rua Rosa Araújo, n.º 24-26; 1250-195 Lisboa",,https://commission.europa.eu/live-work-travel-eu/consumer-rights-and-complaints/enforcement-consumer-protection/consumer-protection-cooperation-network/list-cpc-competent-authorities_en,https://ec.europa.eu/consumers/cpcn/cpc_ca.html,2026-04-23,Official source row does not list a legal responsibility in this snapshot.
PT,Portugal,,ACSET – Associação de Consumidores de Setúbal,Setúbal Consumer Association,,( + 351 ) 265 509 100,associacao.consumidores.setubal@gmail.com,https://www.facebook.com/acsetsetubal/,Deputado Joaquim Brandão 13 – 1º; 2900-422 Setúbal,,https://commission.europa.eu/live-work-travel-eu/consumer-rights-and-complaints/enforcement-consumer-protection/consumer-protection-cooperation-network/list-cpc-competent-authorities_en,https://ec.europa.eu/consumers/cpcn/cpc_ca.html,2026-04-23,Official source row does not list a legal responsibility in this snapshot.
PT,Portugal,,Autoridade Nacional da Aviação Civil,Portuguese Civil Aviation Authority (CAA),"Directive 2005/29/EC on unfair commercial practices, Legal responsibility for enforcing the following Union law(s):, Regulation (EC) No 1008/2008 on common air services rules in the Community, Regulation (EC) No 1107/2006 on disabled persons' and persons with reduced mobility's rights when travelling by air, Regulation (EC) No 261/2004 on denied boarding and of cancellation or long delay of flights",+351 21 284 22 26,secretariadopca@anac.pt,https://www.anac.pt,"Rua B, Edifício 4 - Aeroporto Humberto Delgado; 1749-034 Lisboa",,https://commission.europa.eu/live-work-travel-eu/consumer-rights-and-complaints/enforcement-consumer-protection/consumer-protection-cooperation-network/list-cpc-competent-authorities_en,https://ec.europa.eu/consumers/cpcn/cpc_ca.html,2026-04-23,
PT,Portugal,,Autoridade Regional das Atividades Económicas - Madeira,,"Directive (EU) 2015/2302 on package travel and linked travel arrangements, Directive 1999/44/EC on the sale of consumer goods and associated guarantees, Directive 2000/31/EC on electronic commerce, Directive 2005/29/EC on unfair commercial practices, Directive 2006/123/EC on services in the internal market, Directive 2008/122/EC on timeshare, long-term holiday product, resale and exchange contracts, Directive 2011/83/EU on consumer rights, Directive 2013/11/EU on consumer ADR, Directive 98/6/EC on consumer protection in the indication of the prices of products, Regulation (EU) No 524/2013 on consumer ODR",291 215 060,arae@madeira.gov.pt,https://www.madeira.gov.pt/arae,"Rua Direita n.º27, 2º; 9050-450 Funchal",,https://commission.europa.eu/live-work-travel-eu/consumer-rights-and-complaints/enforcement-consumer-protection/consumer-protection-cooperation-network/list-cpc-competent-authorities_en,https://ec.europa.eu/consumers/cpcn/cpc_ca.html,2026-04-23,
PT,Portugal,,Autoridade da Mobilidade e dos Transportes,Mobility and Transport Authority,"Directive 2005/29/EC on unfair commercial practices, Directive 2006/123/EC on services in the internal market, Directive 2011/83/EU on consumer rights, Directive 2013/11/EU on consumer ADR, Directive 93/13/EEC on unfair terms in consumer contracts, Legal responsibility for enforcing the following Union law(s):, Regulation (EU) 2018/302 addressing unjustified geo-blocking, Regulation (EU) No 1177/2010 on passengers' rights when travelling by sea and inland waterway, Regulation (EU) No 181/2011 on passengers' rights in bus and coach transport, Regulation (EU) No 2021/782 on rail passengers' rights and obligations (repealing Regulation (EC) No 1371/2007)",+351 211 025 800,geral@amt-autoridade.pt,http://www.amt-autoridade.pt/,"Rua de Santa Apolónia,; 1100-468 Lisboa",,https://commission.europa.eu/live-work-travel-eu/consumer-rights-and-complaints/enforcement-consumer-protection/consumer-protection-cooperation-network/list-cpc-competent-authorities_en,https://ec.europa.eu/consumers/cpcn/cpc_ca.html,2026-04-23,
PT,Portugal,,Autoridade de Segurança Alimentar e Económica,Food and Economic Safety Authority,"Directive (EU) 2015/2302 on package travel and linked travel arrangements, Directive 1999/44/EC on the sale of consumer goods and associated guarantees, Directive 2000/31/EC on electronic commerce, Directive 2005/29/EC on unfair commercial practices, Directive 2008/122/EC on timeshare, long-term holiday product, resale and exchange contracts, Directive 2011/83/EU on consumer rights, Directive 2013/11/EU on consumer ADR, Directive 98/6/EC on consumer protection in the indication of the prices of products, Legal responsibility for enforcing the following Union law(s):, Regulation (EU) 2018/302 addressing unjustified geo-blocking, Regulation (EU) No 524/2013 on consumer ODR",+351 21 798 36 00,correio.asae@asae.pt,http://www.asae.pt,"Rua Rodrigo da Fonseca, nº 73; 1269 - 274 Lisboa",,https://commission.europa.eu/live-work-travel-eu/consumer-rights-and-complaints/enforcement-consumer-protection/consumer-protection-cooperation-network/list-cpc-competent-authorities_en,https://ec.europa.eu/consumers/cpcn/cpc_ca.html,2026-04-23,
PT,Portugal,,Autoridade de Supervisão de Seguros e Fundos de Pensões (ASF),Supervisiory Authority for Insurance and Pension Funds (ASF),"Directive 2000/31/EC on electronic commerce, Directive 2002/65/EC on distance marketing of consumer financial services, Directive 2005/29/EC on unfair commercial practices, Legal responsibility for enforcing the following Union law(s):",+351 217 903 100,asf@asf.com.pt,http://www.asf.com.pt,"Av. da República, n.º 76; 1600-205 Lisboa Lisboa",,https://commission.europa.eu/live-work-travel-eu/consumer-rights-and-complaints/enforcement-consumer-protection/consumer-protection-cooperation-network/list-cpc-competent-authorities_en,https://ec.europa.eu/consumers/cpcn/cpc_ca.html,2026-04-23,
PT,Portugal,,Banco de Portugal,Bank of Portugal,"Directive 2000/31/EC on electronic commerce, Directive 2002/58/EC on privacy and electronic communications, Directive 2002/65/EC on distance marketing of consumer financial services, Directive 2008/48/EC on credit agreements for consumers, Directive 2014/17/EU on credit agreements for consumers for residential property, Directive 2014/92/EU on the comparability of fees related to payment accounts, Legal responsibility for enforcing the following Union law(s):",+351 21 313 00 00,info@bportugal.pt,http://www.bportugal.pt/,"Rua do Comércio, 148; 1100-150 Lisboa",,https://commission.europa.eu/live-work-travel-eu/consumer-rights-and-complaints/enforcement-consumer-protection/consumer-protection-cooperation-network/list-cpc-competent-authorities_en,https://ec.europa.eu/consumers/cpcn/cpc_ca.html,2026-04-23,
PT,Portugal,,Comissão Nacional de Protecção de Dados (CNPD),SA Portugal (National Commission for Data Protection (CNPD)),"Directive 2002/58/EC on privacy and electronic communications, Legal responsibility for enforcing the following Union law(s):",+351 21 392 84 00,imi@cnpd.pt,https://www.cnpd.pt,"Av. D. Carlos I, 134 - 1.º; 1200-651 LISBOA",,https://commission.europa.eu/live-work-travel-eu/consumer-rights-and-complaints/enforcement-consumer-protection/consumer-protection-cooperation-network/list-cpc-competent-authorities_en,https://ec.europa.eu/consumers/cpcn/cpc_ca.html,2026-04-23,
PT,Portugal,,Comissão do Mercado de Valores Mobiliários - CMVM,Portuguese Securities Market Commission,"Directive 2002/65/EC on distance marketing of consumer financial services, Directive 2005/29/EC on unfair commercial practices, Directive 2006/114/EC on misleading and comparative advertising, Directive 2013/11/EU on consumer ADR, Directive 93/13/EEC on unfair terms in consumer contracts, Legal responsibility for enforcing the following Union law(s):",+351 21 317 70 00,cmvm@cmvm.pt,https://www.cmvm.pt/pt/Pages/home.aspx,"Rua Laura Alves, 4; 1050-138 Lisboa",,https://commission.europa.eu/live-work-travel-eu/consumer-rights-and-complaints/enforcement-consumer-protection/consumer-protection-cooperation-network/list-cpc-competent-authorities_en,https://ec.europa.eu/consumers/cpcn/cpc_ca.html,2026-04-23,
PT,Portugal,,DECO – Associação Portuguesa para a Defesa do Consumidor,DECO – Portuguese Association for Consumer Protection,,+351 213710213,decolx@deco.pt,http://www.deco.pt,"Rua Artilharia Um, nº 79 4º; 1269-160 Lisboa",,https://commission.europa.eu/live-work-travel-eu/consumer-rights-and-complaints/enforcement-consumer-protection/consumer-protection-cooperation-network/list-cpc-competent-authorities_en,https://ec.europa.eu/consumers/cpcn/cpc_ca.html,2026-04-23,Official source row does not list a legal responsibility in this snapshot.
PT,Portugal,,ERC – Entidade Reguladora para a Comunicação Social,Regulatory Authority for the Media,"Directive 2010/13/EU on audiovisual media services, Legal responsibility for enforcing the following Union law(s):",+351 210 107 000,info@erc.pt,http://www.erc.pt,"Avenida 24 de julho, nº58; 1200-869 Lisboa",,https://commission.europa.eu/live-work-travel-eu/consumer-rights-and-complaints/enforcement-consumer-protection/consumer-protection-cooperation-network/list-cpc-competent-authorities_en,https://ec.europa.eu/consumers/cpcn/cpc_ca.html,2026-04-23,
PT,Portugal,,ERSAR - Entidade Reguladora dos Serviços de Águas e Resíduos,ERSAR - The Water and Waste Services Regulation Authority,"Directive 2011/83/EU on consumer rights, Directive 2013/11/EU on consumer ADR, Legal responsibility for enforcing the following Union law(s):, Regulation (EU) No 524/2013 on consumer ODR",+351 210 052 200,geral@ersar.pt,http://www.ersar.pt,"Centro Empresarial Torres de Lisboa - Rua Tomás da Fonseca, Torre G – 8º; 1600-209 Lisboa",,https://commission.europa.eu/live-work-travel-eu/consumer-rights-and-complaints/enforcement-consumer-protection/consumer-protection-cooperation-network/list-cpc-competent-authorities_en,https://ec.europa.eu/consumers/cpcn/cpc_ca.html,2026-04-23,
PT,Portugal,,Entidade Reguladora dos Serviços Energéticos,Energy Services Regulatory Authority,"Directive 2005/29/EC on unfair commercial practices, Legal responsibility for enforcing the following Union law(s):",+351 213 033 200,erse@erse.pt,http://www.erse.pt,"Rua Dom Cristóvão da Gama, n.º 1 – 3.º; 1400-113 Lisboa",,https://commission.europa.eu/live-work-travel-eu/consumer-rights-and-complaints/enforcement-consumer-protection/consumer-protection-cooperation-network/list-cpc-competent-authorities_en,https://ec.europa.eu/consumers/cpcn/cpc_ca.html,2026-04-23,
PT,Portugal,,ICP - Autoridade Nacional de Comunicações (ICP-ANACOM),ANACOM - National Communications Authority,"Directive 2000/31/EC on electronic commerce, Directive 2002/58/EC on privacy and electronic communications, Directive 2005/29/EC on unfair commercial practices, Directive 2013/11/EU on consumer ADR, Legal responsibility for enforcing the following Union law(s):",+351 217211000,info@anacom.pt,http://www.anacom.pt,"Av. José Malhoa, 12; 1099 - 017 Lisboa",,https://commission.europa.eu/live-work-travel-eu/consumer-rights-and-complaints/enforcement-consumer-protection/consumer-protection-cooperation-network/list-cpc-competent-authorities_en,https://ec.europa.eu/consumers/cpcn/cpc_ca.html,2026-04-23,
PT,Portugal,,INFARMED - Autoridade Nacional do Medicamento e Produtos de Saúde,NFRAMED - National Authority of Medicines and Health Products,"Directive 2001/83/EC on medicinal products for human use, Legal responsibility for enforcing the following Union law(s):",+351 217987100,infarmed@infarmed.pt,http://www.infarmed.pt,"Avenida do Brasil, n.º 53; 1749-004 Lisboa",,https://commission.europa.eu/live-work-travel-eu/consumer-rights-and-complaints/enforcement-consumer-protection/consumer-protection-cooperation-network/list-cpc-competent-authorities_en,https://ec.europa.eu/consumers/cpcn/cpc_ca.html,2026-04-23,
PT,Portugal,,Inspecção-Geral das Actividades Culturais (IGAC),IGAC - General Inspectorate of Cultural Activities,"Directive 2000/31/EC on electronic commerce, Legal responsibility for enforcing the following Union law(s):",+351 213212500,igacgeral@igac.pt,http://www.igac.pt,"Praça dos Restauradores, Palácio Foz, Apartado 2616; 1116-802 Lisboa",,https://commission.europa.eu/live-work-travel-eu/consumer-rights-and-complaints/enforcement-consumer-protection/consumer-protection-cooperation-network/list-cpc-competent-authorities_en,https://ec.europa.eu/consumers/cpcn/cpc_ca.html,2026-04-23,
PT,Portugal,,Ius Omnibus,Ius Omnibus consumer association,,+351 91 977 799,associacao.ius.omnibus@gmail.com,https://iusomnibus.eu/pt/,Avenida 24 de Julho – Second Home - Mercado da Ribeira; 1200-479 Lisboa,,https://commission.europa.eu/live-work-travel-eu/consumer-rights-and-complaints/enforcement-consumer-protection/consumer-protection-cooperation-network/list-cpc-competent-authorities_en,https://ec.europa.eu/consumers/cpcn/cpc_ca.html,2026-04-23,Official source row does not list a legal responsibility in this snapshot.
PT,Portugal,,Procuradoria-Geral da República,Prosecutor General´s Office,"Directive 1999/44/EC on the sale of consumer goods and associated guarantees, Directive 93/13/EEC on unfair terms in consumer contracts, Legal responsibility for enforcing the following Union law(s):",+351 213 975 255,correio@pgr.pt,http://www.ministeriopublico.pt,"Rua da Escola Politécnica, nº 140; 1269-269 Lisboa",,https://commission.europa.eu/live-work-travel-eu/consumer-rights-and-complaints/enforcement-consumer-protection/consumer-protection-cooperation-network/list-cpc-competent-authorities_en,https://ec.europa.eu/consumers/cpcn/cpc_ca.html,2026-04-23,
RO,Romania,,Agenţia Naţională pentru Plăţi şi Inspecţie Socială (ANPIS),National Agency for Payment and Social Inspection - Competent authority giving accreditation to organisers of professional adult training,"Directive (EU) 2015/2302 on package travel and linked travel arrangements, Legal responsibility for enforcing the following Union law(s):, Regulation (EU) No 1177/2010 on passengers' rights when travelling by sea and inland waterway",+40213.136.047,secretariat@mmanpis.ro,http://www.mmanpis.ro,Bld. General Gheorghe Magheru 7; 010322 Bucuresti,,https://commission.europa.eu/live-work-travel-eu/consumer-rights-and-complaints/enforcement-consumer-protection/consumer-protection-cooperation-network/list-cpc-competent-authorities_en,https://ec.europa.eu/consumers/cpcn/cpc_ca.html,2026-04-23,
RO,Romania,,Agenția Națională a Medicamentului și a Dispozitivelor Medicale din România (ANMDMR),National Agency for Medicines and Medical Devices of Romania (ANMDMR),"Directive 2001/83/EC on medicinal products for human use, Legal responsibility for enforcing the following Union law(s):",+4021.317.11.00,petitii@anm.ro,https://www.anm.ro/en/,Aviator Maior Ștefan Sănătescu 48; 011478 Bucuresti,,https://commission.europa.eu/live-work-travel-eu/consumer-rights-and-complaints/enforcement-consumer-protection/consumer-protection-cooperation-network/list-cpc-competent-authorities_en,https://ec.europa.eu/consumers/cpcn/cpc_ca.html,2026-04-23,
RO,Romania,,Autoritatea Nationala pentru Administrare si Reglementare in Comunicatii (ANCOM),National Authority for Management and Regulation in Comunications in Romania (ANCOM),"Directive 2011/83/EU on consumer rights, Legal responsibility for enforcing the following Union law(s):",+40 372845400,ancom@ancom.ro,https://www.ancom.ro/en/,Strada Delea Nouă nr.2; 030925 Bucuresti,,https://commission.europa.eu/live-work-travel-eu/consumer-rights-and-complaints/enforcement-consumer-protection/consumer-protection-cooperation-network/list-cpc-competent-authorities_en,https://ec.europa.eu/consumers/cpcn/cpc_ca.html,2026-04-23,
RO,Romania,,Autoritatea Naţională de Supraveghere a Prelucrării Datelor cu Caracter Personal,SA Romania (National Supervisory Authority For Personal Data Processing),"Directive 2002/58/EC on privacy and electronic communications, Legal responsibility for enforcing the following Union law(s):",+40 31 805 9211,anspdcp@dataprotection.ro,http://www.dataprotection.ro,28-30 BD. GHEORGHE MAGHERU; 010336 BUCHAREST,,https://commission.europa.eu/live-work-travel-eu/consumer-rights-and-complaints/enforcement-consumer-protection/consumer-protection-cooperation-network/list-cpc-competent-authorities_en,https://ec.europa.eu/consumers/cpcn/cpc_ca.html,2026-04-23,
RO,Romania,,Autoritatea de Siguranta Feroviara Romana (ASFR) - Regulament (UE) 2021/782 (drepturile si obligatiile calatorilor din transportul feroviar),Romanian Railway Authority (AFER) – Passenger Rights Supervision Service,"Legal responsibility for enforcing the following Union law(s):, Regulation (EU) No 2021/782 on rail passengers' rights and obligations (repealing Regulation (EC) No 1371/2007)",+4021.307.68.52,passengersrights@afer.ro,http://www.afer.ro/asfr/documents/asfr.html,Calea Grivitei nr. 393; 010719 Bucuresti,,https://commission.europa.eu/live-work-travel-eu/consumer-rights-and-complaints/enforcement-consumer-protection/consumer-protection-cooperation-network/list-cpc-competent-authorities_en,https://ec.europa.eu/consumers/cpcn/cpc_ca.html,2026-04-23,
RO,Romania,,Consiliul Național al Audiovizualului (CNA),National Audiovisual Council of Romania (CNA),"Directive 2010/13/EU on audiovisual media services, Legal responsibility for enforcing the following Union law(s):",+40 213055356,cna@cna.ro,http://www.cna.ro/-English-.html,Bd. Libertății nr. 14; 050706 Bucuresti,,https://commission.europa.eu/live-work-travel-eu/consumer-rights-and-complaints/enforcement-consumer-protection/consumer-protection-cooperation-network/list-cpc-competent-authorities_en,https://ec.europa.eu/consumers/cpcn/cpc_ca.html,2026-04-23,
RO,Romania,,Inspectoratul General al Poliției Române - Direcția de Investigare a Criminalității Economice,General Inspectorate of the Romanian Police - Directorate for Investigating Economic Crime (DICE),"Directive 2000/31/EC on electronic commerce, Legal responsibility for enforcing the following Union law(s):",+40212082525,economic@politiaromana.ro,https://www.politiaromana.ro/en,Mihai Voda 6; 050041 Bucuresti,,https://commission.europa.eu/live-work-travel-eu/consumer-rights-and-complaints/enforcement-consumer-protection/consumer-protection-cooperation-network/list-cpc-competent-authorities_en,https://ec.europa.eu/consumers/cpcn/cpc_ca.html,2026-04-23,
RO,Romania,,Inspectoratul de Stat pentru Controlul în Transportul Rutier (I.S.C.T.R),State Inspectorate for Road Transport Control (I.S.C.T.R.),"Legal responsibility for enforcing the following Union law(s):, Regulation (EU) No 181/2011 on passengers' rights in bus and coach transport",+4021.313.63.20,relatii-publice@isctr-mt.ro,http://www.isctr-mt.ro/,B-dul Dinicu Golescu 38; 010873 Bucuresti,,https://commission.europa.eu/live-work-travel-eu/consumer-rights-and-complaints/enforcement-consumer-protection/consumer-protection-cooperation-network/list-cpc-competent-authorities_en,https://ec.europa.eu/consumers/cpcn/cpc_ca.html,2026-04-23,
RO,Romania,,"Ministerul Economiei, Antreprenoriatului si Turismului",Ministry of Economy,"Directive (EU) 2015/2302 on package travel and linked travel arrangements, Legal responsibility for enforcing the following Union law(s):, Regulation (EU) No 181/2011 on passengers' rights in bus and coach transport",+40 212025123,petitii@economie.gov.ro,http://www.economie.gov.ro/,Calea Victoriei nr. 152; 010096 Bucuresti,,https://commission.europa.eu/live-work-travel-eu/consumer-rights-and-complaints/enforcement-consumer-protection/consumer-protection-cooperation-network/list-cpc-competent-authorities_en,https://ec.europa.eu/consumers/cpcn/cpc_ca.html,2026-04-23,
RO,Romania,,Ministerul Transporturilor si Infrastructurii,Ministry of Transport and Infrastructure,"Legal responsibility for enforcing the following Union law(s):, Regulation (EC) No 1008/2008 on common air services rules in the Community, Regulation (EC) No 261/2004 on denied boarding and of cancellation or long delay of flights",+40 21 313 99 54,IMI@mt.ro,http://www.mt.gov.ro/web14/,Bd Dinicu Golescu nr. 38; 010873 Bucuresti,,https://commission.europa.eu/live-work-travel-eu/consumer-rights-and-complaints/enforcement-consumer-protection/consumer-protection-cooperation-network/list-cpc-competent-authorities_en,https://ec.europa.eu/consumers/cpcn/cpc_ca.html,2026-04-23,
SK,Slovakia,,Dopravný úrad,Transport Authority - National Rail Safety Authority,"Regulation (EU) No 1177/2010 on passengers' rights when travelling by sea and inland waterway, Regulation (EU) No 2021/782 on rail passengers' rights and obligations (repealing Regulation (EC) No 1371/2007)",+421 2 48 777 402,nsat@nsat.sk,http://www.nsat.sk,Letisko M. R. Štefánika; 823 05 Bratislava,,https://commission.europa.eu/live-work-travel-eu/consumer-rights-and-complaints/enforcement-consumer-protection/consumer-protection-cooperation-network/list-cpc-competent-authorities_en,https://ec.europa.eu/consumers/cpcn/cpc_ca.html,2026-04-23,
SK,Slovakia,,Ministerstvo dopravy SR,"Ministry of Transport, Posts and Telecommunications",Regulation (EU) No 181/2011 on passengers' rights in bus and coach transport,+421 2 52731439,Marek.Hudec@mindop.sk,https://www.mindop.sk/en,Námestie slobody 6; 810 05 Bratislava,,https://commission.europa.eu/live-work-travel-eu/consumer-rights-and-complaints/enforcement-consumer-protection/consumer-protection-cooperation-network/list-cpc-competent-authorities_en,https://ec.europa.eu/consumers/cpcn/cpc_ca.html,2026-04-23,
SK,Slovakia,,Národná banka Slovenska,National Bank of Slovakia,"Directive 2000/31/EC on electronic commerce, Directive 2002/65/EC on distance marketing of consumer financial services, Directive 2005/29/EC on unfair commercial practices, Directive 2006/114/EC on misleading and comparative advertising, Directive 2008/48/EC on credit agreements for consumers, Directive 2014/17/EU on credit agreements for consumers for residential property, Directive 2014/92/EU on the comparability of fees related to payment accounts, Directive 93/13/EEC on unfair terms in consumer contracts, Legal responsibility for enforcing the following Union law(s):",+421 2 5787 1111,cpc@nbs.sk,https://www.nbs.sk/en/home,Imricha Karvaša 1; 81325 Bratislava,,https://commission.europa.eu/live-work-travel-eu/consumer-rights-and-complaints/enforcement-consumer-protection/consumer-protection-cooperation-network/list-cpc-competent-authorities_en,https://ec.europa.eu/consumers/cpcn/cpc_ca.html,2026-04-23,
SK,Slovakia,,Rada pre mediálne služby,Council for Broadcasting and Retransmission,"Directive 2010/13/EU on audiovisual media services, Legal responsibility for enforcing the following Union law(s):",+421 2 20 90 65 00,office@rpms.sk,https://rpms.sk/,Palisády 36; 81106 Bratislava,,https://commission.europa.eu/live-work-travel-eu/consumer-rights-and-complaints/enforcement-consumer-protection/consumer-protection-cooperation-network/list-cpc-competent-authorities_en,https://ec.europa.eu/consumers/cpcn/cpc_ca.html,2026-04-23,
SK,Slovakia,,Slovenská obchodná inšpekcia,Slovak Trade Inspection,"Directive (EU) 2015/2302 on package travel and linked travel arrangements, Directive 1999/44/EC on the sale of consumer goods and associated guarantees, Directive 2000/31/EC on electronic commerce, Directive 2005/29/EC on unfair commercial practices, Directive 2006/114/EC on misleading and comparative advertising, Directive 2006/123/EC on services in the internal market, Directive 2008/122/EC on timeshare, long-term holiday product, resale and exchange contracts, Directive 2011/83/EU on consumer rights, Directive 2013/11/EU on consumer ADR, Directive 93/13/EEC on unfair terms in consumer contracts, Directive 98/6/EC on consumer protection in the indication of the prices of products, Legal responsibility for enforcing the following Union law(s):, Regulation (EC) No 1008/2008 on common air services rules in the Community, Regulation (EC) No 1107/2006 on disabled persons' and persons with reduced mobility's rights when travelling by air, Regulation (EC) No 261/2004 on denied boarding and of cancellation or long delay of flights, Regulation (EU) 2017/1128 on cross-border portability of online content services, Regulation (EU) 2018/302 addressing unjustified geo-blocking, Regulation (EU) No 1177/2010 on passengers' rights when travelling by sea and inland waterway, Regulation (EU) No 181/2011 on passengers' rights in bus and coach transport, Regulation (EU) No 2021/782 on rail passengers' rights and obligations (repealing Regulation (EC) No 1371/2007), Regulation (EU) No 524/2013 on consumer ODR","+421 2 58272 -123, -159",imi@soi.sk,http://www.soi.sk,Bajkalská 21/A; 827 99 Bratislava 27,,https://commission.europa.eu/live-work-travel-eu/consumer-rights-and-complaints/enforcement-consumer-protection/consumer-protection-cooperation-network/list-cpc-competent-authorities_en,https://ec.europa.eu/consumers/cpcn/cpc_ca.html,2026-04-23,
SK,Slovakia,,Úrad pre reguláciu elektronických komunikácií a poštových služieb,Regulatory Authority for Electronic Communications and Postal Services,"Directive 2002/58/EC on privacy and electronic communications, Directive 2011/83/EU on consumer rights, Directive 2013/11/EU on consumer ADR, Legal responsibility for enforcing the following Union law(s):, Regulation (EU) No 524/2013 on consumer ODR",+421 908 880 099,podnety@teleoff.gov.sk,https://www.teleoff.gov.sk/,Továrenská 7; 828 55 Bratislava,,https://commission.europa.eu/live-work-travel-eu/consumer-rights-and-complaints/enforcement-consumer-protection/consumer-protection-cooperation-network/list-cpc-competent-authorities_en,https://ec.europa.eu/consumers/cpcn/cpc_ca.html,2026-04-23,
SK,Slovakia,,Úrad pre reguláciu sieťových odvetví,Regulatory Office for Network Industries,"Directive 2005/29/EC on unfair commercial practices, Directive 2011/83/EU on consumer rights, Directive 2013/11/EU on consumer ADR, Directive 93/13/EEC on unfair terms in consumer contracts, Legal responsibility for enforcing the following Union law(s):, Regulation (EU) No 524/2013 on consumer ODR",+421 2 581 004 11,info@urso.gov.sk,https://www.urso.gov.sk,Tomášikova 28 C; 821 01 Bratislava,,https://commission.europa.eu/live-work-travel-eu/consumer-rights-and-complaints/enforcement-consumer-protection/consumer-protection-cooperation-network/list-cpc-competent-authorities_en,https://ec.europa.eu/consumers/cpcn/cpc_ca.html,2026-04-23,
SK,Slovakia,,Úrad verejného zdravotníctva SR,Public Health Authority of the Slovak Republic,"Directive 2005/29/EC on unfair commercial practices, Directive 2006/114/EC on misleading and comparative advertising, Directive 2011/83/EU on consumer rights, Directive 2013/11/EU on consumer ADR, Legal responsibility for enforcing the following Union law(s):, Regulation (EU) No 524/2013 on consumer ODR",+421 2 49284111,uvzsr@uvzsr.sk,http://www.uvzsr.sk,Trnavská cesta 52; 826 45 Bratislava,,https://commission.europa.eu/live-work-travel-eu/consumer-rights-and-complaints/enforcement-consumer-protection/consumer-protection-cooperation-network/list-cpc-competent-authorities_en,https://ec.europa.eu/consumers/cpcn/cpc_ca.html,2026-04-23,
SK,Slovakia,,Ústav štátnej kontroly veterinárnych biopreparátov a liečiv,"Institute for State Control of Veterinary Biologicals and Medicines, Slovakia","Directive 2006/114/EC on misleading and comparative advertising, Legal responsibility for enforcing the following Union law(s):",+421 37 65 15 5067,uskvbl@uskvbl.sk,http://www.uskvbl.sk/,Biovetská 34; 949 01 Nitra,,https://commission.europa.eu/live-work-travel-eu/consumer-rights-and-complaints/enforcement-consumer-protection/consumer-protection-cooperation-network/list-cpc-competent-authorities_en,https://ec.europa.eu/consumers/cpcn/cpc_ca.html,2026-04-23,
SK,Slovakia,,Štátna veterinárna a potravinová správa SR,State Veterinary and Food Administration of the Slovak Republic,"Directive 2005/29/EC on unfair commercial practices, Directive 2011/83/EU on consumer rights, Directive 2013/11/EU on consumer ADR, Legal responsibility for enforcing the following Union law(s):, Regulation (EU) No 524/2013 on consumer ODR",+421 2 602 57 212,sekretariatUR@svps.sk,http://www.svps.sk,Botanická č. 17; 842 13 Bratislava,,https://commission.europa.eu/live-work-travel-eu/consumer-rights-and-complaints/enforcement-consumer-protection/consumer-protection-cooperation-network/list-cpc-competent-authorities_en,https://ec.europa.eu/consumers/cpcn/cpc_ca.html,2026-04-23,
SK,Slovakia,,Štátny ústav pre kontrolu liečiv,State Institute for Drug Control (SUKL),"Directive 2001/83/EC on medicinal products for human use, Directive 2005/29/EC on unfair commercial practices, Directive 2006/114/EC on misleading and comparative advertising, Legal responsibility for enforcing the following Union law(s):",+421 2 50 70 11 11,sukl@sukl.sk,https://www.sukl.sk,Kvetná 11; 825 08 Bratislava,,https://commission.europa.eu/live-work-travel-eu/consumer-rights-and-complaints/enforcement-consumer-protection/consumer-protection-cooperation-network/list-cpc-competent-authorities_en,https://ec.europa.eu/consumers/cpcn/cpc_ca.html,2026-04-23,
SI,Slovenia,,Agencija za komunikacijska omrežja in storitve Republike Slovenije (AKOS),Agency for communication networks and services of the Republic Slovenia (AKOS),"Directive 2002/58/EC on privacy and electronic communications, Directive 2010/13/EU on audiovisual media services, Legal responsibility for enforcing the following Union law(s):, Regulation (EU) 2017/1128 on cross-border portability of online content services",+386 1 583 63 00,info.box@akos-rs.si,https://www.akos-rs.si/akos,Stegne 7; 1000 Ljubljana,,https://commission.europa.eu/live-work-travel-eu/consumer-rights-and-complaints/enforcement-consumer-protection/consumer-protection-cooperation-network/list-cpc-competent-authorities_en,https://ec.europa.eu/consumers/cpcn/cpc_ca.html,2026-04-23,
SI,Slovenia,,Banka Slovenije,Bank of Slovenia,"Directive 2008/48/EC on credit agreements for consumers, Directive 2014/17/EU on credit agreements for consumers for residential property, Directive 2014/92/EU on the comparability of fees related to payment accounts, Legal responsibility for enforcing the following Union law(s):",+386 1 471 9000,OK-Vlozisce@bses.bsi.si,http://www.bsi.si,Slovenska 35; 1505 Ljubljana,,https://commission.europa.eu/live-work-travel-eu/consumer-rights-and-complaints/enforcement-consumer-protection/consumer-protection-cooperation-network/list-cpc-competent-authorities_en,https://ec.europa.eu/consumers/cpcn/cpc_ca.html,2026-04-23,
SI,Slovenia,,Inšpektorat Republike Slovenije za infrastrukturo,Infrastructure Inspectorate of the Republic of Slovenia,"Legal responsibility for enforcing the following Union law(s):, Regulation (EU) No 181/2011 on passengers' rights in bus and coach transport, Regulation (EU) No 2021/782 on rail passengers' rights and obligations (repealing Regulation (EC) No 1371/2007)",+386 1 420 44 88,gp.irsi@gov.si,https://www.gov.si/drzavni-organi/organi-v-sestavi/inspektorat-za-infrastrukturo/o-inspektoratu-za-infrastrukturo/,Vožarski pot 12; 1000 Ljubljana,,https://commission.europa.eu/live-work-travel-eu/consumer-rights-and-complaints/enforcement-consumer-protection/consumer-protection-cooperation-network/list-cpc-competent-authorities_en,https://ec.europa.eu/consumers/cpcn/cpc_ca.html,2026-04-23,
SI,Slovenia,,"Inšpektorat Republike Slovenije za kmetijstvo, gozdarstvo, lovstvo in ribištvo (IRSKGLR)","Inspectorate of Republic Slovenia for agriculture, forestry, hunting and fisheries (IRSKGLR)","Directive 2005/29/EC on unfair commercial practices, Directive 2006/114/EC on misleading and comparative advertising, Legal responsibility for enforcing the following Union law(s):",+386 1 434 5700,irskglr.mkgp@gov.si,https://www.gov.si/drzavni-organi/organi-v-sestavi/inspektorat-za-kmetijstvo-gozdarstvo-lovstvo-in-ribistvo/o-inspektoratu-za-kmetijstvo-gozdarstvo-lovstvo-in-ribistvo/,Dunajska 58; 1000 Ljubljana,,https://commission.europa.eu/live-work-travel-eu/consumer-rights-and-complaints/enforcement-consumer-protection/consumer-protection-cooperation-network/list-cpc-competent-authorities_en,https://ec.europa.eu/consumers/cpcn/cpc_ca.html,2026-04-23,
SI,Slovenia,,Javna agencija Republike Slovenije za zdravila in medicinske pripomočke (JAZMP),Agency for Medicinal Products and Medical Devices of the Republic of Slovenia (JAZMP),"Directive 2001/83/EC on medicinal products for human use, Directive 2005/29/EC on unfair commercial practices, Directive 2006/114/EC on misleading and comparative advertising, Legal responsibility for enforcing the following Union law(s):",+386 8 2000 500,info@jazmp.si,https://www.jazmp.si/o-nas/,Slovenčeva ulica 22; 1000 Ljubljana,,https://commission.europa.eu/live-work-travel-eu/consumer-rights-and-complaints/enforcement-consumer-protection/consumer-protection-cooperation-network/list-cpc-competent-authorities_en,https://ec.europa.eu/consumers/cpcn/cpc_ca.html,2026-04-23,
SI,Slovenia,,Javna agencija za civilno letalstvo (CCA),Civil Aviation Agency (CAA) Slovenia,"Legal responsibility for enforcing the following Union law(s):, Regulation (EC) No 1008/2008 on common air services rules in the Community, Regulation (EC) No 1107/2006 on disabled persons' and persons with reduced mobility's rights when travelling by air, Regulation (EC) No 261/2004 on denied boarding and of cancellation or long delay of flights",+386 1 244 66 01,info@caa.si,https://www.caa.si/,Kotnikova 19A; 1000 Ljubljana,,https://commission.europa.eu/live-work-travel-eu/consumer-rights-and-complaints/enforcement-consumer-protection/consumer-protection-cooperation-network/list-cpc-competent-authorities_en,https://ec.europa.eu/consumers/cpcn/cpc_ca.html,2026-04-23,
SI,Slovenia,,Trgovinska zbornica Slovenije,Slovenian chamber of commerce,,+386 1 5898 213,tajnistvo@tzslo.si,http://www.tzslo.si,Dimičeva ulica 13; 1000 Ljubljana,,https://commission.europa.eu/live-work-travel-eu/consumer-rights-and-complaints/enforcement-consumer-protection/consumer-protection-cooperation-network/list-cpc-competent-authorities_en,https://ec.europa.eu/consumers/cpcn/cpc_ca.html,2026-04-23,Official source row does not list a legal responsibility in this snapshot.
SI,Slovenia,,Tržni inšpektorat Republike Slovenije,Market Inspectorate,"Directive (EU) 2015/2302 on package travel and linked travel arrangements, Directive 1999/44/EC on the sale of consumer goods and associated guarantees, Directive 2000/31/EC on electronic commerce, Directive 2002/65/EC on distance marketing of consumer financial services, Directive 2005/29/EC on unfair commercial practices, Directive 2006/114/EC on misleading and comparative advertising, Directive 2006/123/EC on services in the internal market, Directive 2008/122/EC on timeshare, long-term holiday product, resale and exchange contracts, Directive 2008/48/EC on credit agreements for consumers, Directive 2011/83/EU on consumer rights, Directive 2013/11/EU on consumer ADR, Directive 2014/17/EU on credit agreements for consumers for residential property, Directive 93/13/EEC on unfair terms in consumer contracts, Directive 98/6/EC on consumer protection in the indication of the prices of products, Legal responsibility for enforcing the following Union law(s):, Regulation (EU) 2018/302 addressing unjustified geo-blocking, Regulation (EU) No 1177/2010 on passengers' rights when travelling by sea and inland waterway, Regulation (EU) No 524/2013 on consumer ODR",+386 1 280 8700,gp.tirs@gov.si,http://www.ti.gov.si,Dunajska cesta 160; 1000 Ljubljana,,https://commission.europa.eu/live-work-travel-eu/consumer-rights-and-complaints/enforcement-consumer-protection/consumer-protection-cooperation-network/list-cpc-competent-authorities_en,https://ec.europa.eu/consumers/cpcn/cpc_ca.html,2026-04-23,
SI,Slovenia,,Uprava Republike Slovenije za pomorstvo (URSP),Slovenian Maritime Administration (URSP),"Legal responsibility for enforcing the following Union law(s):, Regulation (EU) No 1177/2010 on passengers' rights when travelling by sea and inland waterway",+386 5 663 21 00,ursp.box@gov.si,https://www.gov.si/drzavni-organi/organi-v-sestavi/uprava-za-pomorstvo/o-upravi/,Ukmarjev trg 2; 6000 Koper,,https://commission.europa.eu/live-work-travel-eu/consumer-rights-and-complaints/enforcement-consumer-protection/consumer-protection-cooperation-network/list-cpc-competent-authorities_en,https://ec.europa.eu/consumers/cpcn/cpc_ca.html,2026-04-23,
SI,Slovenia,,Zavod PIP - Pravni in informacijski center Maribor,Zavod PIP - Legal advice and information center Maribor,,+386 2 234 21 46,pip@zavodpip.si,https://www.zavodpip.si/,Gosposvetska cesta 86; 2000 Maribor,,https://commission.europa.eu/live-work-travel-eu/consumer-rights-and-complaints/enforcement-consumer-protection/consumer-protection-cooperation-network/list-cpc-competent-authorities_en,https://ec.europa.eu/consumers/cpcn/cpc_ca.html,2026-04-23,Official source row does not list a legal responsibility in this snapshot.
SI,Slovenia,,Zveza potrošnikov Slovenije,Slovene Consumers' Association,,+386 1 474 06 00,Zps@zps.si,http://www.zps.si,Tržaška cesta 2; 1000 Ljubljana,,https://commission.europa.eu/live-work-travel-eu/consumer-rights-and-complaints/enforcement-consumer-protection/consumer-protection-cooperation-network/list-cpc-competent-authorities_en,https://ec.europa.eu/consumers/cpcn/cpc_ca.html,2026-04-23,Official source row does not list a legal responsibility in this snapshot.
ES,Spain,* National coverage / competence (ES),Agencia Española de Medicamentos y Productos Sanitarios (AEMPS),Spanish Agency of Medecines and Health Care Products (AEMPS),"Directive 2001/83/EC on medicinal products for human use, Legal responsibility for enforcing the following Union law(s):",+34 918225201 / +34 918225202,sgicm@aemps.es,https://www.aemps.gob.es/,"Calle Campezo 1, Edificio 8.; 28022 Madrid",,https://commission.europa.eu/live-work-travel-eu/consumer-rights-and-complaints/enforcement-consumer-protection/consumer-protection-cooperation-network/list-cpc-competent-authorities_en,https://ec.europa.eu/consumers/cpcn/cpc_ca.html,2026-04-23,Source lists this entry with regional or sectoral scope metadata.
ES,Spain,* National coverage / competence (ES),Agencia Española de Protección de Datos,SA Spain (Spanish Agency for Data Protection),"Directive 2002/58/EC on privacy and electronic communications, Legal responsibility for enforcing the following Union law(s):",+34 901 100 099 / +34 91 2663517,IMI@aepd.es,http://www.aepd.es,"Jorge Juan, 6; 28001 Madrid",,https://commission.europa.eu/live-work-travel-eu/consumer-rights-and-complaints/enforcement-consumer-protection/consumer-protection-cooperation-network/list-cpc-competent-authorities_en,https://ec.europa.eu/consumers/cpcn/cpc_ca.html,2026-04-23,Source lists this entry with regional or sectoral scope metadata.
ES,Spain,* National coverage / competence (ES),Agencia Estatal de Seguridad Aérea (AESA),State Air Safety Agency (AESA),"Legal responsibility for enforcing the following Union law(s):, Regulation (EC) No 1107/2006 on disabled persons' and persons with reduced mobility's rights when travelling by air, Regulation (EC) No 261/2004 on denied boarding and of cancellation or long delay of flights",+34 91 396 84 96 / +34 91 3968078-81 / +34 91 396 85 93,gabinete.aesa@seguridadaerea.es,https://www.seguridadaerea.gob.es/,"Av. General Perón 40, portal B, 1ª planta, Madrid; 28020 Madrid",,https://commission.europa.eu/live-work-travel-eu/consumer-rights-and-complaints/enforcement-consumer-protection/consumer-protection-cooperation-network/list-cpc-competent-authorities_en,https://ec.europa.eu/consumers/cpcn/cpc_ca.html,2026-04-23,Source lists this entry with regional or sectoral scope metadata.
ES,Spain,* National coverage / competence (ES),Asociación de Consumidores y Usuarios en Acción - FACUA,Association of Consumers and Users in Action - FACUA,,+34 661279323,facua@facua.org,https://facua.org,C/Bécquer 25B; 41002 Sevilla,,https://commission.europa.eu/live-work-travel-eu/consumer-rights-and-complaints/enforcement-consumer-protection/consumer-protection-cooperation-network/list-cpc-competent-authorities_en,https://ec.europa.eu/consumers/cpcn/cpc_ca.html,2026-04-23,Official source row does not list a legal responsibility in this snapshot. Source lists this entry with regional or sectoral scope metadata.
ES,Spain,* National coverage / competence (ES),Asociación de Usuarios de la Comunicación - AUC (ACU),Association of Communications Users - AUC (ACU),,+34 915016773,auc@auc.es,https://www.auc.es,"Ibiza,72-6º B; 28009 Madrid",,https://commission.europa.eu/live-work-travel-eu/consumer-rights-and-complaints/enforcement-consumer-protection/consumer-protection-cooperation-network/list-cpc-competent-authorities_en,https://ec.europa.eu/consumers/cpcn/cpc_ca.html,2026-04-23,Official source row does not list a legal responsibility in this snapshot. Source lists this entry with regional or sectoral scope metadata.
ES,Spain,* National coverage / competence (ES),Banco de España,Bank of Spain,"Directive 2002/65/EC on distance marketing of consumer financial services, Directive 2008/48/EC on credit agreements for consumers, Directive 2014/17/EU on credit agreements for consumers for residential property, Directive 2014/92/EU on the comparability of fees related to payment accounts, Legal responsibility for enforcing the following Union law(s):",+34 91 338 80 18,conducta.entidades@bde.es,https://www.bde.es/bde/es/,Alcalá 48; 28014 Madrid,,https://commission.europa.eu/live-work-travel-eu/consumer-rights-and-complaints/enforcement-consumer-protection/consumer-protection-cooperation-network/list-cpc-competent-authorities_en,https://ec.europa.eu/consumers/cpcn/cpc_ca.html,2026-04-23,Source lists this entry with regional or sectoral scope metadata.
ES,Spain,* National coverage / competence (ES),Comisión Nacional del Mercado de Valores (CNMV),National Securities / Stock Market Commission (CNMV) - Competent body for the supervision and inspection of the securities markets.,,+34 91 585 15 10,ServicioJuridico@cnmv.es,https://www.cnmv.es,Calle Edison nº 4; 28006 Madrid,,https://commission.europa.eu/live-work-travel-eu/consumer-rights-and-complaints/enforcement-consumer-protection/consumer-protection-cooperation-network/list-cpc-competent-authorities_en,https://ec.europa.eu/consumers/cpcn/cpc_ca.html,2026-04-23,Official source row does not list a legal responsibility in this snapshot. Source lists this entry with regional or sectoral scope metadata.
ES,Spain,* National coverage / competence (ES),"Confederación, de ámbito estatal, de Consumidores y Usuarios (CECU)",State Confederation of Consumers and Users (CECU),,+34 913641384,cecu@cecu.es,http://www.cecu.es,"C/ Mayor, nº 45, piso 2º; 28013 Madrid",,https://commission.europa.eu/live-work-travel-eu/consumer-rights-and-complaints/enforcement-consumer-protection/consumer-protection-cooperation-network/list-cpc-competent-authorities_en,https://ec.europa.eu/consumers/cpcn/cpc_ca.html,2026-04-23,Official source row does not list a legal responsibility in this snapshot. Source lists this entry with regional or sectoral scope metadata.
ES,Spain,* National coverage / competence (ES),Dirección General de Consumo,Spanish Deputy General Directorate for Inspection and Sanction Procedure,"Directive (EU) 2015/2302 on package travel and linked travel arrangements, Directive (EU) 2019/770 on contracts for the supply of digital content and digital services, Directive (EU) 2019/771 on contracts for the sale of goods, Directive 2000/31/EC on electronic commerce, Directive 2002/65/EC on distance marketing of consumer financial services, Directive 2005/29/EC on unfair commercial practices, Directive 2006/114/EC on misleading and comparative advertising, Directive 2006/123/EC on services in the internal market, Directive 2008/122/EC on timeshare, long-term holiday product, resale and exchange contracts, Directive 2008/48/EC on credit agreements for consumers, Directive 2010/13/EU on audiovisual media services, Directive 2011/83/EU on consumer rights, Directive 2014/17/EU on credit agreements for consumers for residential property, Directive 2014/92/EU on the comparability of fees related to payment accounts, Directive 93/13/EEC on unfair terms in consumer contracts, Directive 98/6/EC on consumer protection in the indication of the prices of products, Legal responsibility for enforcing the following Union law(s):, Regulation (EC) No 1008/2008 on common air services rules in the Community, Regulation (EC) No 1107/2006 on disabled persons' and persons with reduced mobility's rights when travelling by air, Regulation (EU) 2018/302 addressing unjustified geo-blocking, Regulation (EU) No 1177/2010 on passengers' rights when travelling by sea and inland waterway, Regulation (EU) No 181/2011 on passengers' rights in bus and coach transport, Regulation (EU) No 2021/782 on rail passengers' rights and obligations (repealing Regulation (EC) No 1371/2007)",+34 663 14 28 99,subdireccion.inspeccion@consumo.gob.es,,Calle Príncipe de Vergara 54; 28006 Madrid,,https://commission.europa.eu/live-work-travel-eu/consumer-rights-and-complaints/enforcement-consumer-protection/consumer-protection-cooperation-network/list-cpc-competent-authorities_en,https://ec.europa.eu/consumers/cpcn/cpc_ca.html,2026-04-23,Source lists this entry with regional or sectoral scope metadata.
ES,Spain,* National coverage / competence (ES),"Ministerio de Transportes, movilidad y Agenda Urbana. Dirección General de Transporte Terrestre. (Subdirección General de Inspección)","Ministry of Transports, Mobility and Urban Agenda - Directorate General for Ground Transport (General Directorate of Inspection)","Legal responsibility for enforcing the following Union law(s):, Regulation (EU) No 181/2011 on passengers' rights in bus and coach transport, Regulation (EU) No 2021/782 on rail passengers' rights and obligations (repealing Regulation (EC) No 1371/2007)",+34 915978043,dirgtt@fomento.es,https://www.fomento.gob.es/transporte_terrestre,"C/ Paseo de la Castellana, 67; 28071 Madrid",,https://commission.europa.eu/live-work-travel-eu/consumer-rights-and-complaints/enforcement-consumer-protection/consumer-protection-cooperation-network/list-cpc-competent-authorities_en,https://ec.europa.eu/consumers/cpcn/cpc_ca.html,2026-04-23,Source lists this entry with regional or sectoral scope metadata.
ES,Spain,* National coverage / competence (ES),Organización de Consumidores y Usuarios - OCU,Consumers and Users Organisation (OCU),,+34 917226061,ocu_market@ocu.org,https://www.ocu.org,"Albarracín, 21; 28037 Madrid",,https://commission.europa.eu/live-work-travel-eu/consumer-rights-and-complaints/enforcement-consumer-protection/consumer-protection-cooperation-network/list-cpc-competent-authorities_en,https://ec.europa.eu/consumers/cpcn/cpc_ca.html,2026-04-23,Official source row does not list a legal responsibility in this snapshot. Source lists this entry with regional or sectoral scope metadata.
ES,Spain,* National coverage / competence (ES),Secretaría de Estado de Telecomunicaciones e Infraestructuras Digitales. Ministerio de Asuntos Económicos y Transformación Digital,State Secretariat of Telecommunications and Digital Infrastructures - Ministry of Economic Affairs and Digital Transformation,"Directive 2010/13/EU on audiovisual media services, Legal responsibility for enforcing the following Union law(s):",+34 91 258 28 52,contact@economia.gob.es,https://www.mineco.gob.es/portal/site/mineco/consulta_general,"Poeta Joan Maragall, 41; 28071 Madrid",,https://commission.europa.eu/live-work-travel-eu/consumer-rights-and-complaints/enforcement-consumer-protection/consumer-protection-cooperation-network/list-cpc-competent-authorities_en,https://ec.europa.eu/consumers/cpcn/cpc_ca.html,2026-04-23,Source lists this entry with regional or sectoral scope metadata.
ES,Spain,* National coverage / competence (ES),Subdirección General para la Sociedad Digital (Secretaría de Estado de Digitalización e Inteligencia Artificial. Ministerio para la Transformación Digital y de la Función Pública),"General Subdirectorate of Information Society Services (State Secretariat for Telecommunications and the Information Society - Ministry of Industry, Energy and Tourism)","Directive 2000/31/EC on electronic commerce, Legal responsibility for enforcing the following Union law(s):",+34 913463368,sgsd@digital.gob.es,http://www.lssi.es,"c/ Poeta Joan Maragall, 41; 28020 Madrid",,https://commission.europa.eu/live-work-travel-eu/consumer-rights-and-complaints/enforcement-consumer-protection/consumer-protection-cooperation-network/list-cpc-competent-authorities_en,https://ec.europa.eu/consumers/cpcn/cpc_ca.html,2026-04-23,Source lists this entry with regional or sectoral scope metadata.
ES,Spain,Andalusia,Autoridad Competente Regional. Junta de Andalucía. Protección de consumidores en el ámbito de consumo.,Regional Competent Authority for consumer protection in the area of consumption - Andalusian Government (Autonomous Community of Andalusia),"Directive 1999/44/EC on the sale of consumer goods and associated guarantees, Directive 2002/65/EC on distance marketing of consumer financial services, Directive 2005/29/EC on unfair commercial practices, Directive 2006/114/EC on misleading and comparative advertising, Directive 2006/123/EC on services in the internal market, Directive 2008/122/EC on timeshare, long-term holiday product, resale and exchange contracts, Directive 2008/48/EC on credit agreements for consumers, Directive 2011/83/EU on consumer rights, Directive 2013/11/EU on consumer ADR, Directive 2014/17/EU on credit agreements for consumers for residential property, Directive 93/13/EEC on unfair terms in consumer contracts, Directive 98/6/EC on consumer protection in the indication of the prices of products, Legal responsibility for enforcing the following Union law(s):, Regulation (EC) No 1008/2008 on common air services rules in the Community, Regulation (EU) 2018/302 addressing unjustified geo-blocking, Regulation (EU) No 1177/2010 on passengers' rights when travelling by sea and inland waterway, Regulation (EU) No 524/2013 on consumer ODR",+34 955041089,dg.consumo.csalud@juntadeandalucia.es,https://www.juntadeandalucia.es,Avenida de la Innovación s/n. Edificio Arena 1; 41020 Sevilla,,https://commission.europa.eu/live-work-travel-eu/consumer-rights-and-complaints/enforcement-consumer-protection/consumer-protection-cooperation-network/list-cpc-competent-authorities_en,https://ec.europa.eu/consumers/cpcn/cpc_ca.html,2026-04-23,Source lists this entry with regional or sectoral scope metadata.
ES,Spain,Andalusia,Autoridad competente regional de la Junta de Andalucía a efectos de Cooperación en Protección de Consumidores en el ámbito del transporte. Dirección General de Movilidad,Regional competent authority for the purposes of Consumer Protection Cooperation in the field of transport. Directorate-General (Junta de Andalucía),"Legal responsibility for enforcing the following Union law(s):, Regulation (EU) No 181/2011 on passengers' rights in bus and coach transport",+34 955 92 68 00,informacion@juntadeandalucia.es,,"Avda. Diego Martínez Barrio, nº 10; 41071 Sevilla",,https://commission.europa.eu/live-work-travel-eu/consumer-rights-and-complaints/enforcement-consumer-protection/consumer-protection-cooperation-network/list-cpc-competent-authorities_en,https://ec.europa.eu/consumers/cpcn/cpc_ca.html,2026-04-23,Source lists this entry with regional or sectoral scope metadata.
ES,Spain,Andalusia,"Junta de Andalucía. Dirección General de Calidad, Innovación y Fomento del Turismo.",Regional Competent Authority for consumer protection in the area of tourism - Andalusian Government (Autonomous Community of Andalusia),"Directive (EU) 2015/2302 on package travel and linked travel arrangements, Legal responsibility for enforcing the following Union law(s):, Regulation (EU) 2018/302 addressing unjustified geo-blocking",+34 681206078,guiasturismo.ctcd@juntadeandalucia.es,,"Plaza Nueva, 4 2ª planta; 41071 Sevilla",,https://commission.europa.eu/live-work-travel-eu/consumer-rights-and-complaints/enforcement-consumer-protection/consumer-protection-cooperation-network/list-cpc-competent-authorities_en,https://ec.europa.eu/consumers/cpcn/cpc_ca.html,2026-04-23,Source lists this entry with regional or sectoral scope metadata.
ES,Spain,Aragon,Departamento de Medio Ambiente y Turismo. Dirección General de Turismo y Hostelería.,Competent authority for tourism agencies and professionals (autonomous community of Aragon),"Directive (EU) 2015/2302 on package travel and linked travel arrangements, Legal responsibility for enforcing the following Union law(s):, Regulation (EU) 2018/302 addressing unjustified geo-blocking",+34 976 715966,dgturismo@aragon.es,http://www.aragon.es/,"Dirección General de Turismo y Hostelería. Gobierno de Aragón.-Paseo de María Agustín, 36. Edificio Pignatelli.; 50004 Zaragoza",,https://commission.europa.eu/live-work-travel-eu/consumer-rights-and-complaints/enforcement-consumer-protection/consumer-protection-cooperation-network/list-cpc-competent-authorities_en,https://ec.europa.eu/consumers/cpcn/cpc_ca.html,2026-04-23,Source lists this entry with regional or sectoral scope metadata.
ES,Spain,Aragon,Gobierno de Aragón. Dirección General de Protección de Consumidores y Usuarios.,Government of Aragon - Directorate-General for Consumer and User Protection,"Directive 1999/44/EC on the sale of consumer goods and associated guarantees, Directive 2002/65/EC on distance marketing of consumer financial services, Directive 2005/29/EC on unfair commercial practices, Directive 2006/114/EC on misleading and comparative advertising, Directive 2006/123/EC on services in the internal market, Directive 2008/122/EC on timeshare, long-term holiday product, resale and exchange contracts, Directive 2008/48/EC on credit agreements for consumers, Directive 2011/83/EU on consumer rights, Directive 2013/11/EU on consumer ADR, Directive 2014/17/EU on credit agreements for consumers for residential property, Directive 93/13/EEC on unfair terms in consumer contracts, Directive 98/6/EC on consumer protection in the indication of the prices of products, Legal responsibility for enforcing the following Union law(s):, Regulation (EC) No 1008/2008 on common air services rules in the Community, Regulation (EU) 2018/302 addressing unjustified geo-blocking, Regulation (EU) No 1177/2010 on passengers' rights when travelling by sea and inland waterway, Regulation (EU) No 524/2013 on consumer ODR",+34 976712244,consumo@aragon.es,https://www.aragon.es/-/consumo-1,"Edificio de Plaza del Pilar, 3 Edificios B/C, Plaza del Pilar 3, Planta 1; 50003 Zaragoza",,https://commission.europa.eu/live-work-travel-eu/consumer-rights-and-complaints/enforcement-consumer-protection/consumer-protection-cooperation-network/list-cpc-competent-authorities_en,https://ec.europa.eu/consumers/cpcn/cpc_ca.html,2026-04-23,Source lists this entry with regional or sectoral scope metadata.
ES,Spain,Balearic Islands,Comunidad Autónoma de las Illes Balears. Dirección General de Movilidad y Transporte Terrestre,Regional Authority - Directorate-General for Mobility and Land Transport (Balearic Islands),"Legal responsibility for enforcing the following Union law(s):, Regulation (EU) No 181/2011 on passengers' rights in bus and coach transport",+34 971 17 71 81,directorgeneral@dgmobil.caib.es,,"C/ Eusebi Estada, 28, 1º piso; 07004 Palma de Mallorca",,https://commission.europa.eu/live-work-travel-eu/consumer-rights-and-complaints/enforcement-consumer-protection/consumer-protection-cooperation-network/list-cpc-competent-authorities_en,https://ec.europa.eu/consumers/cpcn/cpc_ca.html,2026-04-23,Source lists this entry with regional or sectoral scope metadata.
ES,Spain,Balearic Islands,Govern de les Illes Balears. Conselleria de Salut i Consum. Direcció General de Consum.,Regional competent authority for consumer services (autonomous community of the Balearic Islands),"Directive 1999/44/EC on the sale of consumer goods and associated guarantees, Directive 2002/65/EC on distance marketing of consumer financial services, Directive 2005/29/EC on unfair commercial practices, Directive 2006/114/EC on misleading and comparative advertising, Directive 2006/123/EC on services in the internal market, Directive 2008/122/EC on timeshare, long-term holiday product, resale and exchange contracts, Directive 2008/48/EC on credit agreements for consumers, Directive 2011/83/EU on consumer rights, Directive 2013/11/EU on consumer ADR, Directive 93/13/EEC on unfair terms in consumer contracts, Directive 98/6/EC on consumer protection in the indication of the prices of products, Legal responsibility for enforcing the following Union law(s):, Regulation (EC) No 1008/2008 on common air services rules in the Community, Regulation (EU) 2018/302 addressing unjustified geo-blocking, Regulation (EU) No 1177/2010 on passengers' rights when travelling by sea and inland waterway, Regulation (EU) No 524/2013 on consumer ODR",+34 971784996,inspeccio@dgconsum.caib.es,http://www.caib.es/govern/organigrama/area.do?coduo=2390671&lang=ca,"Carrer de Jesús, 38 A; 07010 Palma",,https://commission.europa.eu/live-work-travel-eu/consumer-rights-and-complaints/enforcement-consumer-protection/consumer-protection-cooperation-network/list-cpc-competent-authorities_en,https://ec.europa.eu/consumers/cpcn/cpc_ca.html,2026-04-23,Source lists this entry with regional or sectoral scope metadata.
ES,Spain,Balearic Islands,Govern de les Illes Balears. Dirección General de Turismo,Government of Balearic Islands. Directorate General for Tourism,"Directive (EU) 2015/2302 on package travel and linked travel arrangements, Legal responsibility for enforcing the following Union law(s):, Regulation (EU) 2018/302 addressing unjustified geo-blocking",+34 971 17 66 00,ordenacioturistica@dgoturis.caib.es,http://www.caib.es/govern/organigrama/area.do?coduo=165&lang=es,"C/ de Montenegro, 5; 07012 Palma de Mallorca",,https://commission.europa.eu/live-work-travel-eu/consumer-rights-and-complaints/enforcement-consumer-protection/consumer-protection-cooperation-network/list-cpc-competent-authorities_en,https://ec.europa.eu/consumers/cpcn/cpc_ca.html,2026-04-23,Source lists this entry with regional or sectoral scope metadata.
ES,Spain,Basque country,Gobierno Vasco - Instituto Vasco de Consumo - Kontsumobide,Basque Government - Basque Institute of Consumer Affairs,"Directive 1999/44/EC on the sale of consumer goods and associated guarantees, Directive 2002/65/EC on distance marketing of consumer financial services, Directive 2005/29/EC on unfair commercial practices, Directive 2006/114/EC on misleading and comparative advertising, Directive 2006/123/EC on services in the internal market, Directive 2008/122/EC on timeshare, long-term holiday product, resale and exchange contracts, Directive 2008/48/EC on credit agreements for consumers, Directive 2011/83/EU on consumer rights, Directive 2013/11/EU on consumer ADR, Directive 2014/17/EU on credit agreements for consumers for residential property, Directive 93/13/EEC on unfair terms in consumer contracts, Directive 98/6/EC on consumer protection in the indication of the prices of products, Legal responsibility for enforcing the following Union law(s):, Regulation (EC) No 1008/2008 on common air services rules in the Community, Regulation (EU) 2018/302 addressing unjustified geo-blocking, Regulation (EU) No 1177/2010 on passengers' rights when travelling by sea and inland waterway, Regulation (EU) No 524/2013 on consumer ODR",+34 945062140,kontsumobide@kontsumobide.eus,http://www.kontsumobide.euskadi.eus,"Avda. de Santiago, 11; 01002 Vitoria-Gasteiz",,https://commission.europa.eu/live-work-travel-eu/consumer-rights-and-complaints/enforcement-consumer-protection/consumer-protection-cooperation-network/list-cpc-competent-authorities_en,https://ec.europa.eu/consumers/cpcn/cpc_ca.html,2026-04-23,Source lists this entry with regional or sectoral scope metadata.
ES,Spain,Basque country,"Turismo, autoridad competente en el País Vasco",Regional competent authority for tourism (Basque Country),"Directive (EU) 2015/2302 on package travel and linked travel arrangements, Legal responsibility for enforcing the following Union law(s):",+34 945019927,secretaria.turismo@euskadi.eus,https://www.euskadi.eus/gobierno-vasco/departamento-turismo-comercio-consumo/,Donosti 1; 01010 Vitoria-Gasteiz,,https://commission.europa.eu/live-work-travel-eu/consumer-rights-and-complaints/enforcement-consumer-protection/consumer-protection-cooperation-network/list-cpc-competent-authorities_en,https://ec.europa.eu/consumers/cpcn/cpc_ca.html,2026-04-23,Source lists this entry with regional or sectoral scope metadata.
ES,Spain,Canary Islands,Autoridad regional en el Gobierno de Canarias a efectos de Cooperación en Protección de Consumidores en el ámbito del transporte. Dirección General de Transportes,Regional authority in the Government of the Canary Islands for the purpose of cooperation in the field of consumer protection in the field of transport. Directorate-General for Transport,"Legal responsibility for enforcing the following Union law(s):, Regulation (EU) No 181/2011 on passengers' rights in bus and coach transport",+34 928 11 52 50,dgtranstf.copt@gobiernodecanarias.org,https://www.gobiernodecanarias.org/transportes/index.html,"C/ Prof. Agustín Millares Carló, 22 Edf. Servicios Múltiples I Planta 11ª; 35071 Las Palmas de Gran Canaria",,https://commission.europa.eu/live-work-travel-eu/consumer-rights-and-complaints/enforcement-consumer-protection/consumer-protection-cooperation-network/list-cpc-competent-authorities_en,https://ec.europa.eu/consumers/cpcn/cpc_ca.html,2026-04-23,Source lists this entry with regional or sectoral scope metadata.
ES,Spain,Canary Islands,Dirección General de Comercio y Consumo. Gobierno de Canarias.,Directorate General for Commerce and Consumers (Autonomous Community of the Canary Islands),"Directive 1999/44/EC on the sale of consumer goods and associated guarantees, Directive 2002/65/EC on distance marketing of consumer financial services, Directive 2005/29/EC on unfair commercial practices, Directive 2006/114/EC on misleading and comparative advertising, Directive 2006/123/EC on services in the internal market, Directive 2008/122/EC on timeshare, long-term holiday product, resale and exchange contracts, Directive 2008/48/EC on credit agreements for consumers, Directive 2011/83/EU on consumer rights, Directive 2013/11/EU on consumer ADR, Directive 2014/17/EU on credit agreements for consumers for residential property, Directive 93/13/EEC on unfair terms in consumer contracts, Directive 98/6/EC on consumer protection in the indication of the prices of products, Legal responsibility for enforcing the following Union law(s):, Regulation (EU) 2017/1128 on cross-border portability of online content services, Regulation (EU) 2018/302 addressing unjustified geo-blocking, Regulation (EU) No 1177/2010 on passengers' rights when travelling by sea and inland waterway, Regulation (EU) No 524/2013 on consumer ODR",+34 922924741 / +34 922924748,inspeccioncc.consumo@gobiernodecanarias.org,https://www.gobiernodecanarias.org/consumo,"Avenida Francisco La Roche, nº 35, Edificio de Usos Múltiples I, planta 8ª; 38071 Santa Cruz de Tenerife",,https://commission.europa.eu/live-work-travel-eu/consumer-rights-and-complaints/enforcement-consumer-protection/consumer-protection-cooperation-network/list-cpc-competent-authorities_en,https://ec.europa.eu/consumers/cpcn/cpc_ca.html,2026-04-23,Source lists this entry with regional or sectoral scope metadata.
ES,Spain,Canary Islands,Dirección General de Ordenación y Promoción Turística - Gobierno de Canarias,Directorate General for Tourism Development and Promotion (Autonomous Community of Canary Islands),"Directive (EU) 2015/2302 on package travel and linked travel arrangements, Directive 2008/122/EC on timeshare, long-term holiday product, resale and exchange contracts, Legal responsibility for enforcing the following Union law(s):, Regulation (EU) 2018/302 addressing unjustified geo-blocking",+34 928 45 58 19,amedpen@gobiernodecanarias.org,https://www.gobiernodecanarias.org/turic/,C/ León y Castillo 200. Edificio Servicios Mútltiples III. 5ª Planta.; 35071 Las Palmas de Gran Canaria,,https://commission.europa.eu/live-work-travel-eu/consumer-rights-and-complaints/enforcement-consumer-protection/consumer-protection-cooperation-network/list-cpc-competent-authorities_en,https://ec.europa.eu/consumers/cpcn/cpc_ca.html,2026-04-23,Source lists this entry with regional or sectoral scope metadata.
ES,Spain,Cantabria,Autoridad regional en la Comunidad Autónoma de Cantabria a efectos de Cooperación en Protección de Consumidores en el ámbito del transporte. Dirección General de Transportes y Comunicaciones,Regional authority in the Autonomous Community of Cantabria for the purpose of cooperation in the field of consumer protection and in the field of transport. Directorate-General for Transport and Communications,"Legal responsibility for enforcing the following Union law(s):, Regulation (EU) No 181/2011 on passengers' rights in bus and coach transport",+34 942367412,ttesycom@cantabria.es,http://www.cantabria.es/web/direccion-general-transportes-y-comunicaciones/inicio,"C/ Cádiz, nº 2, 1º; 39002 Santander",,https://commission.europa.eu/live-work-travel-eu/consumer-rights-and-complaints/enforcement-consumer-protection/consumer-protection-cooperation-network/list-cpc-competent-authorities_en,https://ec.europa.eu/consumers/cpcn/cpc_ca.html,2026-04-23,Source lists this entry with regional or sectoral scope metadata.
ES,Spain,Cantabria,"Dirección General de Turismo. Consejería de Cultura, Turismo y Deporte",Competent authority for the recognition of professional qualifications of tourist guides (Autonomous Community of Cantabria),"Directive (EU) 2015/2302 on package travel and linked travel arrangements, Directive 2008/122/EC on timeshare, long-term holiday product, resale and exchange contracts, Legal responsibility for enforcing the following Union law(s):, Regulation (EU) 2018/302 addressing unjustified geo-blocking",+34 942 20 82 94,garcia_cm@cantabria.es,https://www.cantabria.es/web/consejeria-de-innovacion-industria-turismo-y-comercio,"C/ Albert Einstein, 4; 39011 Santander",,https://commission.europa.eu/live-work-travel-eu/consumer-rights-and-complaints/enforcement-consumer-protection/consumer-protection-cooperation-network/list-cpc-competent-authorities_en,https://ec.europa.eu/consumers/cpcn/cpc_ca.html,2026-04-23,Source lists this entry with regional or sectoral scope metadata.
ES,Spain,Cantabria,Gobierno de Cantabria. Dirección General de Comercio y Consumo,Regional competent authority for consumer services (autonomous community of Cantabria),"Directive 1999/44/EC on the sale of consumer goods and associated guarantees, Directive 2002/65/EC on distance marketing of consumer financial services, Directive 2005/29/EC on unfair commercial practices, Directive 2006/114/EC on misleading and comparative advertising, Directive 2006/123/EC on services in the internal market, Directive 2008/48/EC on credit agreements for consumers, Directive 2011/83/EU on consumer rights, Directive 2013/11/EU on consumer ADR, Directive 93/13/EEC on unfair terms in consumer contracts, Directive 98/6/EC on consumer protection in the indication of the prices of products, Legal responsibility for enforcing the following Union law(s):, Regulation (EC) No 1008/2008 on common air services rules in the Community, Regulation (EU) 2018/302 addressing unjustified geo-blocking, Regulation (EU) No 1177/2010 on passengers' rights when travelling by sea and inland waterway, Regulation (EU) No 524/2013 on consumer ODR",+34 942 20 76 75,dgcomercioconsumo@cantabria.es,http://www.dgicc.cantabria.es/web/direccion-general-industria/inicio_consumo,"Albert Einstein, 2 (PCTCAN); 39011 S Santander",,https://commission.europa.eu/live-work-travel-eu/consumer-rights-and-complaints/enforcement-consumer-protection/consumer-protection-cooperation-network/list-cpc-competent-authorities_en,https://ec.europa.eu/consumers/cpcn/cpc_ca.html,2026-04-23,Source lists this entry with regional or sectoral scope metadata.
ES,Spain,Castile and Leon,Autoridad regional competente a efectos de Cooperación en Protección de Consumidores en el ámbito del transporte de la Junta de Castilla y León. Dirección General de Transportes,Regional competent authority for Consumer Protection Cooperation in the field of transport (Junta de Castilla y León),"Legal responsibility for enforcing the following Union law(s):, Regulation (EU) No 181/2011 on passengers' rights in bus and coach transport",+34 983419479,area.dg.transportes@jcyl.es,https://www.jcyl.es/web/jcyl/Portada/es/Plantilla100Directorio/1248366924958/1279887997704/1284182451806/DirectorioPadre,"C/ Rigoberto Cortejoso, 14. Planta 1ª Despacho 166. Edificio de Medio Ambiente; 47014 Valladolid",,https://commission.europa.eu/live-work-travel-eu/consumer-rights-and-complaints/enforcement-consumer-protection/consumer-protection-cooperation-network/list-cpc-competent-authorities_en,https://ec.europa.eu/consumers/cpcn/cpc_ca.html,2026-04-23,Source lists this entry with regional or sectoral scope metadata.
ES,Spain,Castile and Leon,Junta de Castilla y León. Dirección General de Comercio y Consumo.,Council of Castilla y León. Directorate General for Trade and Consumer Affairs,"Directive 1999/44/EC on the sale of consumer goods and associated guarantees, Directive 2002/58/EC on privacy and electronic communications, Directive 2002/65/EC on distance marketing of consumer financial services, Directive 2005/29/EC on unfair commercial practices, Directive 2006/114/EC on misleading and comparative advertising, Directive 2006/123/EC on services in the internal market, Directive 2008/122/EC on timeshare, long-term holiday product, resale and exchange contracts, Directive 2008/48/EC on credit agreements for consumers, Directive 2011/83/EU on consumer rights, Directive 2013/11/EU on consumer ADR, Directive 2014/17/EU on credit agreements for consumers for residential property, Directive 93/13/EEC on unfair terms in consumer contracts, Directive 98/6/EC on consumer protection in the indication of the prices of products, Legal responsibility for enforcing the following Union law(s):, Regulation (EC) No 1008/2008 on common air services rules in the Community, Regulation (EU) 2018/302 addressing unjustified geo-blocking, Regulation (EU) No 1177/2010 on passengers' rights when travelling by sea and inland waterway, Regulation (EU) No 524/2013 on consumer ODR",+34 983 324 392,comercioyconsumo@jcyl.es,https://consumo.jcyl.es,"C/ Jacinto Benavente, 2.; 47195 Arroyo de la Encomienda (Valladolid)",,https://commission.europa.eu/live-work-travel-eu/consumer-rights-and-complaints/enforcement-consumer-protection/consumer-protection-cooperation-network/list-cpc-competent-authorities_en,https://ec.europa.eu/consumers/cpcn/cpc_ca.html,2026-04-23,Source lists this entry with regional or sectoral scope metadata.
ES,Spain,Castile and Leon,"Servicio de Empresas y Actividades Turísticas - Dirección General de Turismo - Consejería de Cultura, Turismo y Deporte - Junta de Castilla y León",Authority responsible for Tourism companies and activities (autonomous community of Castile and Leon),"Directive (EU) 2015/2302 on package travel and linked travel arrangements, Legal responsibility for enforcing the following Union law(s):, Regulation (EU) 2018/302 addressing unjustified geo-blocking",+34 983411910,antsante@jcyl.es,http://www.jcyl.es,"Paseo de Filipinos,1- Planta 3; 47007 Valladolid",,https://commission.europa.eu/live-work-travel-eu/consumer-rights-and-complaints/enforcement-consumer-protection/consumer-protection-cooperation-network/list-cpc-competent-authorities_en,https://ec.europa.eu/consumers/cpcn/cpc_ca.html,2026-04-23,Source lists this entry with regional or sectoral scope metadata.
ES,Spain,Castile-La Mancha,"Direccion General de Turismo, Comercio y Artesanía (Castilla-La Mancha)","Competent authority for travel agencies, tour operators, tourist guides (autonomous community of Castile-La Mancha)","Directive (EU) 2015/2302 on package travel and linked travel arrangements, Legal responsibility for enforcing the following Union law(s):, Regulation (EU) 2018/302 addressing unjustified geo-blocking",+34 925267996,dgturismo-artesania@jccm.es,http://www.castillalamancha.es,"Avenida Irlanda, número 14; 45071 Toledo",,https://commission.europa.eu/live-work-travel-eu/consumer-rights-and-complaints/enforcement-consumer-protection/consumer-protection-cooperation-network/list-cpc-competent-authorities_en,https://ec.europa.eu/consumers/cpcn/cpc_ca.html,2026-04-23,Source lists this entry with regional or sectoral scope metadata.
ES,Spain,Castile-La Mancha,Dirección General de Agenda 2030 y Consumo (Comunidad Autónoma de Castilla-La Mancha),Regional competent authority for consumer services (autonomous community of Castile-La Mancha),"Directive 1999/44/EC on the sale of consumer goods and associated guarantees, Directive 2002/65/EC on distance marketing of consumer financial services, Directive 2005/29/EC on unfair commercial practices, Directive 2006/114/EC on misleading and comparative advertising, Directive 2006/123/EC on services in the internal market, Directive 2008/122/EC on timeshare, long-term holiday product, resale and exchange contracts, Directive 2008/48/EC on credit agreements for consumers, Directive 2011/83/EU on consumer rights, Directive 2013/11/EU on consumer ADR, Directive 93/13/EEC on unfair terms in consumer contracts, Directive 98/6/EC on consumer protection in the indication of the prices of products, Legal responsibility for enforcing the following Union law(s):, Regulation (EC) No 1008/2008 on common air services rules in the Community, Regulation (EU) 2018/302 addressing unjustified geo-blocking, Regulation (EU) No 1177/2010 on passengers' rights when travelling by sea and inland waterway, Regulation (EU) No 524/2013 on consumer ODR",+34 925267800,dg2030yconsumo@jccm.es,http://www.jccm.es,"C/ Río Estenilla, s/n; 45071 Toledo",,https://commission.europa.eu/live-work-travel-eu/consumer-rights-and-complaints/enforcement-consumer-protection/consumer-protection-cooperation-network/list-cpc-competent-authorities_en,https://ec.europa.eu/consumers/cpcn/cpc_ca.html,2026-04-23,Source lists this entry with regional or sectoral scope metadata.
ES,Spain,Castile-La Mancha,Dirección General de Transportes y Movilidad. Junta de Comunidades de Castilla La Mancha,Regional competent authority for transport (autonomous community of Castile-La Mancha),"Legal responsibility for enforcing the following Union law(s):, Regulation (EU) No 181/2011 on passengers' rights in bus and coach transport",+34 925267866,dgtransportes.fomento@jccm.es,http://www.castillalamancha.es,Paseo Cristo de la Vega s/n; 45071 Toledo,,https://commission.europa.eu/live-work-travel-eu/consumer-rights-and-complaints/enforcement-consumer-protection/consumer-protection-cooperation-network/list-cpc-competent-authorities_en,https://ec.europa.eu/consumers/cpcn/cpc_ca.html,2026-04-23,Source lists this entry with regional or sectoral scope metadata.
ES,Spain,Catalonia,Autoridad regional en la Generalitat de Cataluña a efectos de Cooperación en Protección de Consumidores en el ámbito del transporte. Dirección General de Transportes y Movilidad,Regional competent authority for Consumer Protection Cooperation (CPC) in the area of transport - Directorate General of Transport and Mobility (autonomous community of Catalonia),"Legal responsibility for enforcing the following Union law(s):, Regulation (EU) No 181/2011 on passengers' rights in bus and coach transport",+34 93 495 80 76,transporte@gencat.cat,http://www.territori.gencat.cat,"Avda./ Josep Tarradellas, 2-6, 5ª planta; 08029 Barcelona",,https://commission.europa.eu/live-work-travel-eu/consumer-rights-and-complaints/enforcement-consumer-protection/consumer-protection-cooperation-network/list-cpc-competent-authorities_en,https://ec.europa.eu/consumers/cpcn/cpc_ca.html,2026-04-23,Source lists this entry with regional or sectoral scope metadata.
ES,Spain,Catalonia,Generalitat de Catalunya. Inspecció de Consum de l'Agència Catalana de Consum (autoritat per CPC),Regional competent authority for Consumer Protection Cooperation (CPC) - Consumer Inspection of the Catalan Consumer Agency (autonomous community of Catalonia),"Directive (EU) 2015/2302 on package travel and linked travel arrangements, Directive 1999/44/EC on the sale of consumer goods and associated guarantees, Directive 2002/65/EC on distance marketing of consumer financial services, Directive 2005/29/EC on unfair commercial practices, Directive 2006/114/EC on misleading and comparative advertising, Directive 2006/123/EC on services in the internal market, Directive 2008/122/EC on timeshare, long-term holiday product, resale and exchange contracts, Directive 2008/48/EC on credit agreements for consumers, Directive 2011/83/EU on consumer rights, Directive 2013/11/EU on consumer ADR, Directive 2014/17/EU on credit agreements for consumers for residential property, Directive 93/13/EEC on unfair terms in consumer contracts, Directive 98/6/EC on consumer protection in the indication of the prices of products, Legal responsibility for enforcing the following Union law(s):, Regulation (EC) No 1008/2008 on common air services rules in the Community, Regulation (EU) 2018/302 addressing unjustified geo-blocking, Regulation (EU) No 1177/2010 on passengers' rights when travelling by sea and inland waterway, Regulation (EU) No 524/2013 on consumer ODR",+34 935516666,inspeccioimi.consum@gencat.cat,http://www.consum.cat,"Calle Foc, 57; 08038 Barcelona",,https://commission.europa.eu/live-work-travel-eu/consumer-rights-and-complaints/enforcement-consumer-protection/consumer-protection-cooperation-network/list-cpc-competent-authorities_en,https://ec.europa.eu/consumers/cpcn/cpc_ca.html,2026-04-23,Source lists this entry with regional or sectoral scope metadata.
ES,Spain,Ceuta (autonomous city),"Ciudad Autónoma de Ceuta. Consejería de Sanidad, Servicios Sociales e Igualdad. Servicio de Consumo","Autonomous City of Ceuta. Ministry of Health, Social Services and Equality. Consumer Service","Directive 1999/44/EC on the sale of consumer goods and associated guarantees, Directive 2002/65/EC on distance marketing of consumer financial services, Directive 2005/29/EC on unfair commercial practices, Directive 2006/114/EC on misleading and comparative advertising, Directive 2006/123/EC on services in the internal market, Directive 2008/122/EC on timeshare, long-term holiday product, resale and exchange contracts, Directive 2008/48/EC on credit agreements for consumers, Directive 2011/83/EU on consumer rights, Directive 2013/11/EU on consumer ADR, Directive 2014/17/EU on credit agreements for consumers for residential property, Directive 93/13/EEC on unfair terms in consumer contracts, Directive 98/6/EC on consumer protection in the indication of the prices of products, Legal responsibility for enforcing the following Union law(s):, Regulation (EC) No 1008/2008 on common air services rules in the Community, Regulation (EU) 2018/302 addressing unjustified geo-blocking, Regulation (EU) No 1177/2010 on passengers' rights when travelling by sea and inland waterway, Regulation (EU) No 181/2011 on passengers' rights in bus and coach transport, Regulation (EU) No 524/2013 on consumer ODR",+34 956515604,serviciossociales@ceuta.es,,Pza de la Constitución Acceso 1 A; 51001 Ceuta,,https://commission.europa.eu/live-work-travel-eu/consumer-rights-and-complaints/enforcement-consumer-protection/consumer-protection-cooperation-network/list-cpc-competent-authorities_en,https://ec.europa.eu/consumers/cpcn/cpc_ca.html,2026-04-23,Source lists this entry with regional or sectoral scope metadata.
ES,Spain,Extremadura,Autoridad competente regional del Gobierno de Extremadura a efectos de Cooperación en Protección de Consumidores en el ámbito del transporte. Dirección General de Transportes,Regional competent authority for Consumer Protection Cooperation in the field of transport. Directorate-General for Transport (Extremadura),"Legal responsibility for enforcing the following Union law(s):, Regulation (EU) No 181/2011 on passengers' rights in bus and coach transport",+34 924 33 23 15,transporte@juntaex.es,,Avda. de las Comunidades s/n.; 06800 Mérida (Badajoz),,https://commission.europa.eu/live-work-travel-eu/consumer-rights-and-complaints/enforcement-consumer-protection/consumer-protection-cooperation-network/list-cpc-competent-authorities_en,https://ec.europa.eu/consumers/cpcn/cpc_ca.html,2026-04-23,Source lists this entry with regional or sectoral scope metadata.
ES,Spain,Extremadura,Autoridad regional de la Junta de Extremadura para Cooperación en Protección de Consumidores en el ámbito del turismo. Dirección General de Turismo,Regional authority in the Regional Government of Extremadura for the purpose of cooperation in the field of consumer protection in the field of tourism. Directorate-General for Tourism,"Directive (EU) 2015/2302 on package travel and linked travel arrangements, Legal responsibility for enforcing the following Union law(s):, Regulation (EU) 2018/302 addressing unjustified geo-blocking",+34 91 585 15 10,consumo@juntaex.es,http://www.juntaex.es/web/,Avda de las Comunidades s/n; 06800 Mérida,,https://commission.europa.eu/live-work-travel-eu/consumer-rights-and-complaints/enforcement-consumer-protection/consumer-protection-cooperation-network/list-cpc-competent-authorities_en,https://ec.europa.eu/consumers/cpcn/cpc_ca.html,2026-04-23,Source lists this entry with regional or sectoral scope metadata.
ES,Spain,Extremadura,Instituto de Consumo de Extremadura (INCOEX),Competent authority for consumer protection (Extremadura),"Directive 1999/44/EC on the sale of consumer goods and associated guarantees, Directive 2002/65/EC on distance marketing of consumer financial services, Directive 2005/29/EC on unfair commercial practices, Directive 2006/114/EC on misleading and comparative advertising, Directive 2006/123/EC on services in the internal market, Directive 2008/122/EC on timeshare, long-term holiday product, resale and exchange contracts, Directive 2008/48/EC on credit agreements for consumers, Directive 2011/83/EU on consumer rights, Directive 2013/11/EU on consumer ADR, Directive 2014/17/EU on credit agreements for consumers for residential property, Directive 93/13/EEC on unfair terms in consumer contracts, Directive 98/6/EC on consumer protection in the indication of the prices of products, Legal responsibility for enforcing the following Union law(s):, Regulation (EC) No 1008/2008 on common air services rules in the Community, Regulation (EU) 2018/302 addressing unjustified geo-blocking, Regulation (EU) No 1177/2010 on passengers' rights when travelling by sea and inland waterway, Regulation (EU) No 524/2013 on consumer ODR",+34 924004700,controlmercadoincoex@salud-juntaex.es,https://saludextremadura.ses.es/incoex/,"Calle Adriano, 4, 1ª planta; 06800 Mérida",,https://commission.europa.eu/live-work-travel-eu/consumer-rights-and-complaints/enforcement-consumer-protection/consumer-protection-cooperation-network/list-cpc-competent-authorities_en,https://ec.europa.eu/consumers/cpcn/cpc_ca.html,2026-04-23,Source lists this entry with regional or sectoral scope metadata.
ES,Spain,Foral Community of Navarre,Autoridad competente regional en el Gobierno de Navarra a efectos de Cooperación en Protección de Consumidores en el ámbito del transporte. Dirección General de Obras Públicas e Infraestructuras,Regional authority in the Government of Navarra for the purpose of cooperation in the field of consumer protection in the field of transport. Directorate-General for Public Works and Infrastructure,"Legal responsibility for enforcing the following Union law(s):, Regulation (EU) No 181/2011 on passengers' rights in bus and coach transport",+34 848 42 74 16,obras.publicas@navarra.es,http://www.cfnavarra.es/obraspublicas/,"C/ Alhóndiga,1, 2ª planta.; 31002 Pamplona",,https://commission.europa.eu/live-work-travel-eu/consumer-rights-and-complaints/enforcement-consumer-protection/consumer-protection-cooperation-network/list-cpc-competent-authorities_en,https://ec.europa.eu/consumers/cpcn/cpc_ca.html,2026-04-23,Source lists this entry with regional or sectoral scope metadata.
ES,Spain,Foral Community of Navarre,Gobierno de Navarra. Dirección de Servicio de Consumo y Arbitraje (Kontsumo eta Arbitraje Zerbitzuko Zuzendari),Government of Navarre. Consumer and Arbitration Service Directorate,"Directive 1999/44/EC on the sale of consumer goods and associated guarantees, Directive 2002/65/EC on distance marketing of consumer financial services, Directive 2005/29/EC on unfair commercial practices, Directive 2006/114/EC on misleading and comparative advertising, Directive 2006/123/EC on services in the internal market, Directive 2008/48/EC on credit agreements for consumers, Directive 2011/83/EU on consumer rights, Directive 2013/11/EU on consumer ADR, Directive 2014/17/EU on credit agreements for consumers for residential property, Directive 2014/92/EU on the comparability of fees related to payment accounts, Directive 93/13/EEC on unfair terms in consumer contracts, Directive 98/6/EC on consumer protection in the indication of the prices of products, Legal responsibility for enforcing the following Union law(s):, Regulation (EC) No 1008/2008 on common air services rules in the Community, Regulation (EU) 2018/302 addressing unjustified geo-blocking, Regulation (EU) No 1177/2010 on passengers' rights when travelling by sea and inland waterway, Regulation (EU) No 524/2013 on consumer ODR",+34 848427739,infoconsumo@navarra.es,http://www.navarra.es/home_es/Temas/Consumo/,"Amaya, 2A; 31002 Pamplona",,https://commission.europa.eu/live-work-travel-eu/consumer-rights-and-complaints/enforcement-consumer-protection/consumer-protection-cooperation-network/list-cpc-competent-authorities_en,https://ec.europa.eu/consumers/cpcn/cpc_ca.html,2026-04-23,Source lists this entry with regional or sectoral scope metadata.
ES,Spain,Foral Community of Navarre,Gobierno de Navarra. Dirección del Servicio de Ordenación y Fomento del Turismo y del Comercio,Government of Navarre - Directorate of the Tourism and Trade Planning and Development Service,"Directive (EU) 2015/2302 on package travel and linked travel arrangements, Directive 2008/122/EC on timeshare, long-term holiday product, resale and exchange contracts, Legal responsibility for enforcing the following Union law(s):, Regulation (EU) 2018/302 addressing unjustified geo-blocking",+34 848 42 77 55,manuel.bermejo.garde@navarra.es,https://www.turismo.navarra.es/esp/profesionales/directorio-sector-turistico/directorio-administracion/DireccionGeneralTurismo.htm,C/Navarrería 39; 31001 Pamplona-Iruña,,https://commission.europa.eu/live-work-travel-eu/consumer-rights-and-complaints/enforcement-consumer-protection/consumer-protection-cooperation-network/list-cpc-competent-authorities_en,https://ec.europa.eu/consumers/cpcn/cpc_ca.html,2026-04-23,Source lists this entry with regional or sectoral scope metadata.
ES,Spain,Galicia,Xunta de Galicia. Agencia de Turismo de Galicia,"Regional competent authority for the promotion, management and services in the area of tourism (Autonomous Community of Galicia)","Directive (EU) 2015/2302 on package travel and linked travel arrangements, Directive 2008/122/EC on timeshare, long-term holiday product, resale and exchange contracts, Legal responsibility for enforcing the following Union law(s):, Regulation (EU) 2018/302 addressing unjustified geo-blocking",+34 981 546 351,secretaria.turismo@xunta.es,http://turismo.xunta.es/,Carretera Santiago - Noia km 3. A Barcia; 15897 Santiago de Compostela- A Coruña,,https://commission.europa.eu/live-work-travel-eu/consumer-rights-and-complaints/enforcement-consumer-protection/consumer-protection-cooperation-network/list-cpc-competent-authorities_en,https://ec.europa.eu/consumers/cpcn/cpc_ca.html,2026-04-23,Source lists this entry with regional or sectoral scope metadata.
ES,Spain,Galicia,Xunta de Galicia. Dirección General de Movilidad.,Autonomous Community of Galicia. Directorate General for Mobility.,"Legal responsibility for enforcing the following Union law(s):, Regulation (EU) No 181/2011 on passengers' rights in bus and coach transport",+34 981 544581,mobilidade.cim@xunta.gal,https://infraestruturasemobilidade.xunta.gal/mobilidade,"Edificio Administrativo San Caetano, s/n; 15707 Santiago de Compostela",,https://commission.europa.eu/live-work-travel-eu/consumer-rights-and-complaints/enforcement-consumer-protection/consumer-protection-cooperation-network/list-cpc-competent-authorities_en,https://ec.europa.eu/consumers/cpcn/cpc_ca.html,2026-04-23,Source lists this entry with regional or sectoral scope metadata.
ES,Spain,Galicia,Xunta de Galicia. Instituto Gallego del Consumo y de la Competencia (IGCC),Government of Galicia. IGCC (Galician Institute for Consumer Affairs and Competition),"Directive 1999/44/EC on the sale of consumer goods and associated guarantees, Directive 2002/65/EC on distance marketing of consumer financial services, Directive 2005/29/EC on unfair commercial practices, Directive 2006/114/EC on misleading and comparative advertising, Directive 2006/123/EC on services in the internal market, Directive 2008/48/EC on credit agreements for consumers, Directive 2011/83/EU on consumer rights, Directive 2013/11/EU on consumer ADR, Directive 2014/17/EU on credit agreements for consumers for residential property, Directive 93/13/EEC on unfair terms in consumer contracts, Directive 98/6/EC on consumer protection in the indication of the prices of products, Legal responsibility for enforcing the following Union law(s):, Regulation (EC) No 1008/2008 on common air services rules in the Community, Regulation (EU) 2018/302 addressing unjustified geo-blocking, Regulation (EU) No 1177/2010 on passengers' rights when travelling by sea and inland waterway, Regulation (EU) No 524/2013 on consumer ODR",+34 981 545 389,igc.produtos@xunta.gal,https://consumo.xunta.gal/es,Avda. Gonzalo Torrente Ballester 1-5 bajo; 15707 Santiago de Compostela,,https://commission.europa.eu/live-work-travel-eu/consumer-rights-and-complaints/enforcement-consumer-protection/consumer-protection-cooperation-network/list-cpc-competent-authorities_en,https://ec.europa.eu/consumers/cpcn/cpc_ca.html,2026-04-23,Source lists this entry with regional or sectoral scope metadata.
ES,Spain,La Rioja,Autoridad Competente en la Comunidad Autónoma de la Rioja a efectos de Cooperación en Protección de Consumidores en el ámbito del transporte. Dirección General de Obras Públicas y Transportes,Competent Authority for the purposes of Cooperation in Consumer Protection in the field of transport. Directorate-General for Public Works and Transport (Autonomous Community of La Rioja),"Legal responsibility for enforcing the following Union law(s):, Regulation (EU) No 181/2011 on passengers' rights in bus and coach transport",+34 941 29 12 89,servicio.transportes@larioja.org,https://web.larioja.org/,"C/ Marqués de Murrieta,76; 26071 Logroño",,https://commission.europa.eu/live-work-travel-eu/consumer-rights-and-complaints/enforcement-consumer-protection/consumer-protection-cooperation-network/list-cpc-competent-authorities_en,https://ec.europa.eu/consumers/cpcn/cpc_ca.html,2026-04-23,Source lists this entry with regional or sectoral scope metadata.
ES,Spain,La Rioja,"Gobierno de la Rioja. Dirección General de Salud Pública, Consumo y Cuidados","Government of La Rioja - Directorate-General for Public Health, Consumer Affairs and Care","Directive 1999/44/EC on the sale of consumer goods and associated guarantees, Directive 2002/65/EC on distance marketing of consumer financial services, Directive 2005/29/EC on unfair commercial practices, Directive 2006/114/EC on misleading and comparative advertising, Directive 2006/123/EC on services in the internal market, Directive 2008/122/EC on timeshare, long-term holiday product, resale and exchange contracts, Directive 2008/48/EC on credit agreements for consumers, Directive 2011/83/EU on consumer rights, Directive 2013/11/EU on consumer ADR, Directive 2014/17/EU on credit agreements for consumers for residential property, Directive 93/13/EEC on unfair terms in consumer contracts, Directive 98/6/EC on consumer protection in the indication of the prices of products, Legal responsibility for enforcing the following Union law(s):, Regulation (EC) No 1008/2008 on common air services rules in the Community, Regulation (EU) 2018/302 addressing unjustified geo-blocking, Regulation (EU) No 1177/2010 on passengers' rights when travelling by sea and inland waterway, Regulation (EU) No 524/2013 on consumer ODR",+34 941291200,consumo.control@larioja.org,https://www.larioja.org/direcciones-utiles/es?id_str=1&id_ele=510&id_opt=0,"C/ Vara de Rey, 8; 26001 Logroño",,https://commission.europa.eu/live-work-travel-eu/consumer-rights-and-complaints/enforcement-consumer-protection/consumer-protection-cooperation-network/list-cpc-competent-authorities_en,https://ec.europa.eu/consumers/cpcn/cpc_ca.html,2026-04-23,Source lists this entry with regional or sectoral scope metadata.
ES,Spain,La Rioja,Gobierno de la Rioja. Dirección General de Turismo.,Government of La Rioja. Directorate General for Tourism,"Directive (EU) 2015/2302 on package travel and linked travel arrangements, Legal responsibility for enforcing the following Union law(s):, Regulation (EU) 2018/302 addressing unjustified geo-blocking",+34 941291100,dg.turismo@larioja.org,http://www.larioja.org/,Avda Zaragoza 21.; 26071 Logroño,,https://commission.europa.eu/live-work-travel-eu/consumer-rights-and-complaints/enforcement-consumer-protection/consumer-protection-cooperation-network/list-cpc-competent-authorities_en,https://ec.europa.eu/consumers/cpcn/cpc_ca.html,2026-04-23,Source lists this entry with regional or sectoral scope metadata.
ES,Spain,Madrid,Autoridad regional en la Comunidad Autónoma de Madrid a efectos de Cooperación en Protección de Consumidores en el ámbito del transporte. Dirección General de Transportes y Movilidad,Regional competent authority for consumer protection cooperation in area of transport - General Directorate of Transport and Mobility (autonomous community of Madrid),"Legal responsibility for enforcing the following Union law(s):, Regulation (EU) No 181/2011 on passengers' rights in bus and coach transport",+34 91 580 29 05,transportes.dgt@madrid.org,,"C/ Orense, 60; 28020 Madrid",,https://commission.europa.eu/live-work-travel-eu/consumer-rights-and-complaints/enforcement-consumer-protection/consumer-protection-cooperation-network/list-cpc-competent-authorities_en,https://ec.europa.eu/consumers/cpcn/cpc_ca.html,2026-04-23,Source lists this entry with regional or sectoral scope metadata.
ES,Spain,Madrid,Comunidad Autónoma de Madrid. Dirección General de Turismo,General Directorate of Commerce and Consumption (autonomous community of Madrid),"Directive (EU) 2015/2302 on package travel and linked travel arrangements, Legal responsibility for enforcing the following Union law(s):, Regulation (EU) 2018/302 addressing unjustified geo-blocking",+34 917206700,destinos.turisticos@madrid.org,https://www.esmadrid.com/mcb/sede-servicio/direccion-general-de-turismo/,C/ Alcalá 26 1ª (entrada por Cedaceros 1); 28014 Madrid,,https://commission.europa.eu/live-work-travel-eu/consumer-rights-and-complaints/enforcement-consumer-protection/consumer-protection-cooperation-network/list-cpc-competent-authorities_en,https://ec.europa.eu/consumers/cpcn/cpc_ca.html,2026-04-23,Source lists this entry with regional or sectoral scope metadata.
ES,Spain,Madrid,Dirección General de Comercio y Consumo. Comunidad de Madrid.,General Directorate of Commerce and Consumumption (autonomous community of Madrid),"Directive 1999/44/EC on the sale of consumer goods and associated guarantees, Directive 2002/65/EC on distance marketing of consumer financial services, Directive 2005/29/EC on unfair commercial practices, Directive 2006/114/EC on misleading and comparative advertising, Directive 2006/123/EC on services in the internal market, Directive 2008/122/EC on timeshare, long-term holiday product, resale and exchange contracts, Directive 2008/48/EC on credit agreements for consumers, Directive 2011/83/EU on consumer rights, Directive 2013/11/EU on consumer ADR, Directive 2014/17/EU on credit agreements for consumers for residential property, Directive 93/13/EEC on unfair terms in consumer contracts, Directive 98/6/EC on consumer protection in the indication of the prices of products, Legal responsibility for enforcing the following Union law(s):, Regulation (EC) No 1008/2008 on common air services rules in the Community, Regulation (EU) 2018/302 addressing unjustified geo-blocking, Regulation (EU) No 1177/2010 on passengers' rights when travelling by sea and inland waterway, Regulation (EU) No 524/2013 on consumer ODR",+34 91 3105 771,consumo.inspeccion@madrid.org,http://www.madrid.org/,Ramírez de Prado 5bis. 1 planta; 28045 Madrid,,https://commission.europa.eu/live-work-travel-eu/consumer-rights-and-complaints/enforcement-consumer-protection/consumer-protection-cooperation-network/list-cpc-competent-authorities_en,https://ec.europa.eu/consumers/cpcn/cpc_ca.html,2026-04-23,Source lists this entry with regional or sectoral scope metadata.
ES,Spain,Melilla (autonomous city),Ciudad Autónoma de Melilla. Dirección General de Salud Pública y Consumo,Autonomous City of Melilla. Directorate General for Public Health and Consumer Affairs,"Directive 1999/44/EC on the sale of consumer goods and associated guarantees, Directive 2002/65/EC on distance marketing of consumer financial services, Directive 2005/29/EC on unfair commercial practices, Directive 2006/114/EC on misleading and comparative advertising, Directive 2006/123/EC on services in the internal market, Directive 2008/122/EC on timeshare, long-term holiday product, resale and exchange contracts, Directive 2008/48/EC on credit agreements for consumers, Directive 2011/83/EU on consumer rights, Directive 2013/11/EU on consumer ADR, Directive 2014/17/EU on credit agreements for consumers for residential property, Directive 93/13/EEC on unfair terms in consumer contracts, Directive 98/6/EC on consumer protection in the indication of the prices of products, Legal responsibility for enforcing the following Union law(s):, Regulation (EC) No 1008/2008 on common air services rules in the Community, Regulation (EU) 2018/302 addressing unjustified geo-blocking, Regulation (EU) No 1177/2010 on passengers' rights when travelling by sea and inland waterway, Regulation (EU) No 524/2013 on consumer ODR",+34 952 97 62 51,consumo@melilla.es,http://www.melilla.es/melillaPortal/,"Ctra. Alfonso XIII, 52-54; 52005 Melilla",,https://commission.europa.eu/live-work-travel-eu/consumer-rights-and-complaints/enforcement-consumer-protection/consumer-protection-cooperation-network/list-cpc-competent-authorities_en,https://ec.europa.eu/consumers/cpcn/cpc_ca.html,2026-04-23,Source lists this entry with regional or sectoral scope metadata.
ES,Spain,Principality of Asturias,"Principado de Asturias. Agencia de Seguridad Alimentaria, Sanidad Ambiental y Consumo.","Regional competent authority responsible for food safety, environmental health and consumers (autonomous community of the Principality of Asturias)","Directive 1999/44/EC on the sale of consumer goods and associated guarantees, Directive 2002/65/EC on distance marketing of consumer financial services, Directive 2005/29/EC on unfair commercial practices, Directive 2006/114/EC on misleading and comparative advertising, Directive 2006/123/EC on services in the internal market, Directive 2008/48/EC on credit agreements for consumers, Directive 2011/83/EU on consumer rights, Directive 2013/11/EU on consumer ADR, Directive 2014/17/EU on credit agreements for consumers for residential property, Directive 93/13/EEC on unfair terms in consumer contracts, Directive 98/6/EC on consumer protection in the indication of the prices of products, Legal responsibility for enforcing the following Union law(s):, Regulation (EC) No 1008/2008 on common air services rules in the Community, Regulation (EU) 2018/302 addressing unjustified geo-blocking, Regulation (EU) No 1177/2010 on passengers' rights when travelling by sea and inland waterway, Regulation (EU) No 524/2013 on consumer ODR",+34 985106870,asac@asturias.org,http://www.consumoastur.es,Ciriaco Miguel Vigil nº 9-1ª planta; 33005 Oviedo,,https://commission.europa.eu/live-work-travel-eu/consumer-rights-and-complaints/enforcement-consumer-protection/consumer-protection-cooperation-network/list-cpc-competent-authorities_en,https://ec.europa.eu/consumers/cpcn/cpc_ca.html,2026-04-23,Source lists this entry with regional or sectoral scope metadata.
ES,Spain,Principality of Asturias,Principado de Asturias. Dirección General de Movilidad y Conectividad.,Regional competent authority responsible for mobility and connectivity (autonomous community of the Principality of Asturias),"Legal responsibility for enforcing the following Union law(s):, Regulation (EU) No 181/2011 on passengers' rights in bus and coach transport",+34 985105541,movilidad@asturias.org,http://www.asturias.es/,"C/ Trece Rosas, 2 - Planta 3ª Sector derecho; 33005 Oviedo",,https://commission.europa.eu/live-work-travel-eu/consumer-rights-and-complaints/enforcement-consumer-protection/consumer-protection-cooperation-network/list-cpc-competent-authorities_en,https://ec.europa.eu/consumers/cpcn/cpc_ca.html,2026-04-23,Source lists this entry with regional or sectoral scope metadata.
ES,Spain,Principality of Asturias,Principado de Asturias. Vice consejería de Turismo,Regional competent authority for tourism and the regulation of tourism companies and tourist activities (autonomous community of the Principality of Asturias),"Directive (EU) 2015/2302 on package travel and linked travel arrangements, Directive 2008/122/EC on timeshare, long-term holiday product, resale and exchange contracts, Legal responsibility for enforcing the following Union law(s):, Regulation (EU) 2018/302 addressing unjustified geo-blocking",+34 98510771,turismo@asturias.org,,"C/ Eduardo Herrera ""Herrerita"" s/n. 1ª Planta; 33006 Oviedo",,https://commission.europa.eu/live-work-travel-eu/consumer-rights-and-complaints/enforcement-consumer-protection/consumer-protection-cooperation-network/list-cpc-competent-authorities_en,https://ec.europa.eu/consumers/cpcn/cpc_ca.html,2026-04-23,Source lists this entry with regional or sectoral scope metadata.
ES,Spain,Region of Murcia,Autoridad regional competente en la Comunidad Autónoma Región de Murcia a efectos de Cooperación en Protección de Consumidores en el ámbito del transporte. Dirección General de Transportes Costas y Puertos.,Regional competent authority for Consumer Protection Cooperation (CPC) in the field of transport - General Directorate of Coastal and Port Transport (autonomous community of the Region of Murcia),"Legal responsibility for enforcing the following Union law(s):, Regulation (EU) No 181/2011 on passengers' rights in bus and coach transport",+34 968362378,sis.ttes@carm.es,http://www.carm.es,"Pza. de Santoña, 6. 1ª planta; 30006 Murcia",,https://commission.europa.eu/live-work-travel-eu/consumer-rights-and-complaints/enforcement-consumer-protection/consumer-protection-cooperation-network/list-cpc-competent-authorities_en,https://ec.europa.eu/consumers/cpcn/cpc_ca.html,2026-04-23,Source lists this entry with regional or sectoral scope metadata.
ES,Spain,Region of Murcia,"Comunidad Autónoma de la Región de Murcia. Dirección General de Comercio, Consumo y Artesanía","General Directorate of Commerce, Consumers and Crafts (autonomous community of the Region of Murcia)","Directive 1999/44/EC on the sale of consumer goods and associated guarantees, Directive 2002/65/EC on distance marketing of consumer financial services, Directive 2005/29/EC on unfair commercial practices, Directive 2006/114/EC on misleading and comparative advertising, Directive 2006/123/EC on services in the internal market, Directive 2008/122/EC on timeshare, long-term holiday product, resale and exchange contracts, Directive 2008/48/EC on credit agreements for consumers, Directive 2011/83/EU on consumer rights, Directive 2013/11/EU on consumer ADR, Directive 2014/17/EU on credit agreements for consumers for residential property, Directive 93/13/EEC on unfair terms in consumer contracts, Directive 98/6/EC on consumer protection in the indication of the prices of products, Legal responsibility for enforcing the following Union law(s):, Regulation (EC) No 1008/2008 on common air services rules in the Community, Regulation (EU) 2018/302 addressing unjustified geo-blocking, Regulation (EU) No 1177/2010 on passengers' rights when travelling by sea and inland waterway, Regulation (EU) No 524/2013 on consumer ODR",+34 981753869,inspeccionconsumo@carm.es,https://www.carm.es/,"Ronda de Levante 11, 3 Planta.; 30071 Murcia",,https://commission.europa.eu/live-work-travel-eu/consumer-rights-and-complaints/enforcement-consumer-protection/consumer-protection-cooperation-network/list-cpc-competent-authorities_en,https://ec.europa.eu/consumers/cpcn/cpc_ca.html,2026-04-23,Source lists this entry with regional or sectoral scope metadata.
ES,Spain,Region of Murcia,Comunidad Autónoma de la Región de Murcia. Dirección General del Instituto de Turismo de la Región de Murcia (ITREM),Tourism Institute - Directorate general (ITREM),"Directive (EU) 2015/2302 on package travel and linked travel arrangements, Legal responsibility for enforcing the following Union law(s):, Regulation (EU) 2018/302 addressing unjustified geo-blocking",+34 968 357761 / +34 968 277716,comunicacion@murciaturistica.es,https://www.itrem.es/itrem/inicio,Avda. Juana Jugan 2.; 30006 Murcia,,https://commission.europa.eu/live-work-travel-eu/consumer-rights-and-complaints/enforcement-consumer-protection/consumer-protection-cooperation-network/list-cpc-competent-authorities_en,https://ec.europa.eu/consumers/cpcn/cpc_ca.html,2026-04-23,Source lists this entry with regional or sectoral scope metadata.
ES,Spain,Valencian Community,"Generalitat. Comunitat Valenciana. Conselleria de Innovación, Industria, Comercio y Turismo. Dirección General de Comercio, Artesanía y Consumo.","Regional competent authority for consumer services (Alicante, Castellon, Valencia) (autonomous community of the Valencian Community)","Directive 1999/44/EC on the sale of consumer goods and associated guarantees, Directive 2002/65/EC on distance marketing of consumer financial services, Directive 2005/29/EC on unfair commercial practices, Directive 2006/114/EC on misleading and comparative advertising, Directive 2006/123/EC on services in the internal market, Directive 2008/122/EC on timeshare, long-term holiday product, resale and exchange contracts, Directive 2008/48/EC on credit agreements for consumers, Directive 2011/83/EU on consumer rights, Directive 2013/11/EU on consumer ADR, Directive 93/13/EEC on unfair terms in consumer contracts, Directive 98/6/EC on consumer protection in the indication of the prices of products, Legal responsibility for enforcing the following Union law(s):, Regulation (EC) No 1008/2008 on common air services rules in the Community, Regulation (EU) 2018/302 addressing unjustified geo-blocking, Regulation (EU) No 1177/2010 on passengers' rights when travelling by sea and inland waterway, Regulation (EU) No 524/2013 on consumer ODR",+34 961209468,minguez_maroje@gva.es,http://www.indi.gva.es/web/consumo,"C/ Democracia,77. Ciudad Administrativa 9 De Octubre. Torre 2, Planta 6; 46018 Valencia",,https://commission.europa.eu/live-work-travel-eu/consumer-rights-and-complaints/enforcement-consumer-protection/consumer-protection-cooperation-network/list-cpc-competent-authorities_en,https://ec.europa.eu/consumers/cpcn/cpc_ca.html,2026-04-23,Source lists this entry with regional or sectoral scope metadata.
ES,Spain,Valencian Community,"Generalitat. Comunitat Valenciana. Conselleria de Innovación, Industria, Comercio y Turismo. Dirección General de Turismo","Regional competent authority for travel agencies, tour operators and guides and other tourism enterprises (Alicante, Castellon, Valencia) (autonomous community of the Valencian Community)","Directive (EU) 2015/2302 on package travel and linked travel arrangements, Legal responsibility for enforcing the following Union law(s):, Regulation (EU) 2018/302 addressing unjustified geo-blocking",+34 961209804,ordenacion_turisme@gva.es,http://www.comunitatvalenciana.com,"C/ Democracia,77. Ciudad Administrativa 9 De Octubre-Torre 2; 46018 Valencia",,https://commission.europa.eu/live-work-travel-eu/consumer-rights-and-complaints/enforcement-consumer-protection/consumer-protection-cooperation-network/list-cpc-competent-authorities_en,https://ec.europa.eu/consumers/cpcn/cpc_ca.html,2026-04-23,Source lists this entry with regional or sectoral scope metadata.
ES,Spain,Valencian Community,"Generalitat. Comunitat Valenciana. Conselleria de Medio Ambiente, Infraestructuras y Territorio. Dirección General de Transportes y Logística","Regional competent authority for land transport (Alicante, Castellon, Valencia) (autonomous community of the Valencian Community)","Legal responsibility for enforcing the following Union law(s):, Regulation (EU) No 181/2011 on passengers' rights in bus and coach transport",+34 961208475,serres_sus@gva.es,http://politicaterritorial.gva.es/es/conselleria,"C/ Democracia,77. Ciudad Administrativa 9 De Octubre - Torre 1; 46018 Valencia",,https://commission.europa.eu/live-work-travel-eu/consumer-rights-and-complaints/enforcement-consumer-protection/consumer-protection-cooperation-network/list-cpc-competent-authorities_en,https://ec.europa.eu/consumers/cpcn/cpc_ca.html,2026-04-23,Source lists this entry with regional or sectoral scope metadata.
SE,Sweden,,Finansinspektionen,The Swedish Financial Supervisory Authority,"Directive 2008/48/EC on credit agreements for consumers, Directive 2014/17/EU on credit agreements for consumers for residential property, Directive 2014/92/EU on the comparability of fees related to payment accounts, Legal responsibility for enforcing the following Union law(s):",+46 08-40898000,finansinspektionen@fi.se,http://www.fi.se,Brunnsgatan 3; 103 97 Stockholm,,https://commission.europa.eu/live-work-travel-eu/consumer-rights-and-complaints/enforcement-consumer-protection/consumer-protection-cooperation-network/list-cpc-competent-authorities_en,https://ec.europa.eu/consumers/cpcn/cpc_ca.html,2026-04-23,
SE,Sweden,,Läkemedelsverket,Medical Products Agency,"Directive 2001/83/EC on medicinal products for human use, Legal responsibility for enforcing the following Union law(s):",+46 18 17 46 00,registrator@mpa.se,http://www.lakemedelsverket.se,Dag Hammaskjölds väg 42; 751 03 Uppsala,,https://commission.europa.eu/live-work-travel-eu/consumer-rights-and-complaints/enforcement-consumer-protection/consumer-protection-cooperation-network/list-cpc-competent-authorities_en,https://ec.europa.eu/consumers/cpcn/cpc_ca.html,2026-04-23,
SE,Sweden,,Svensk Handel,Swedish Trade Federation,,+46 010 47 18 500,info@svenskhandel.se,http://www.svenskhandel.se,Regeringsgatan 60; 103 29 Stockholm,,https://commission.europa.eu/live-work-travel-eu/consumer-rights-and-complaints/enforcement-consumer-protection/consumer-protection-cooperation-network/list-cpc-competent-authorities_en,https://ec.europa.eu/consumers/cpcn/cpc_ca.html,2026-04-23,Official source row does not list a legal responsibility in this snapshot.
SE,Sweden,,Sveriges Konsumenter,The Swedish Consumers’ Association,,+46 86744300,info@sverigeskonsumenter.se,https://www.sverigeskonsumenter.se/,Hornsgatan 172; 10064 Stockholm,,https://commission.europa.eu/live-work-travel-eu/consumer-rights-and-complaints/enforcement-consumer-protection/consumer-protection-cooperation-network/list-cpc-competent-authorities_en,https://ec.europa.eu/consumers/cpcn/cpc_ca.html,2026-04-23,Official source row does not list a legal responsibility in this snapshot.
